/*
Navicat MySQL Data Transfer

Source Server         : shmily
Source Server Version : 50505
Source Host           : localhost:3306
Source Database       : xxl_job

Target Server Type    : MYSQL
Target Server Version : 50505
File Encoding         : 65001

Date: 2021-09-14 10:55:32
*/

SET FOREIGN_KEY_CHECKS=0;

-- ----------------------------
-- Table structure for xxl_job_group
-- ----------------------------
DROP TABLE IF EXISTS `xxl_job_group`;
CREATE TABLE `xxl_job_group` (
  `id` int(11) NOT NULL AUTO_INCREMENT,
  `app_name` varchar(64) NOT NULL COMMENT '执行器AppName',
  `title` varchar(12) NOT NULL COMMENT '执行器名称',
  `address_type` tinyint(4) NOT NULL DEFAULT 0 COMMENT '执行器地址类型：0=自动注册、1=手动录入',
  `address_list` text DEFAULT NULL COMMENT '执行器地址列表，多地址逗号分隔',
  `update_time` datetime DEFAULT NULL,
  PRIMARY KEY (`id`)
) ENGINE=InnoDB AUTO_INCREMENT=2 DEFAULT CHARSET=utf8mb4;

-- ----------------------------
-- Records of xxl_job_group
-- ----------------------------
INSERT INTO `xxl_job_group` VALUES ('1', 'xxl-job-executor-sample', '示例执行器', '0', null, '2021-09-14 10:49:25');

-- ----------------------------
-- Table structure for xxl_job_info
-- ----------------------------
DROP TABLE IF EXISTS `xxl_job_info`;
CREATE TABLE `xxl_job_info` (
  `id` int(11) NOT NULL AUTO_INCREMENT,
  `job_group` int(11) NOT NULL COMMENT '执行器主键ID',
  `job_desc` varchar(255) NOT NULL,
  `add_time` datetime DEFAULT NULL,
  `update_time` datetime DEFAULT NULL,
  `author` varchar(64) DEFAULT NULL COMMENT '作者',
  `alarm_email` varchar(255) DEFAULT NULL COMMENT '报警邮件',
  `schedule_type` varchar(50) NOT NULL DEFAULT 'NONE' COMMENT '调度类型',
  `schedule_conf` varchar(128) DEFAULT NULL COMMENT '调度配置，值含义取决于调度类型',
  `misfire_strategy` varchar(50) NOT NULL DEFAULT 'DO_NOTHING' COMMENT '调度过期策略',
  `executor_route_strategy` varchar(50) DEFAULT NULL COMMENT '执行器路由策略',
  `executor_handler` varchar(255) DEFAULT NULL COMMENT '执行器任务handler',
  `executor_param` varchar(512) DEFAULT NULL COMMENT '执行器任务参数',
  `executor_block_strategy` varchar(50) DEFAULT NULL COMMENT '阻塞处理策略',
  `executor_timeout` int(11) NOT NULL DEFAULT 0 COMMENT '任务执行超时时间，单位秒',
  `executor_fail_retry_count` int(11) NOT NULL DEFAULT 0 COMMENT '失败重试次数',
  `glue_type` varchar(50) NOT NULL COMMENT 'GLUE类型',
  `glue_source` mediumtext DEFAULT NULL COMMENT 'GLUE源代码',
  `glue_remark` varchar(128) DEFAULT NULL COMMENT 'GLUE备注',
  `glue_updatetime` datetime DEFAULT NULL COMMENT 'GLUE更新时间',
  `child_jobid` varchar(255) DEFAULT NULL COMMENT '子任务ID，多个逗号分隔',
  `trigger_status` tinyint(4) NOT NULL DEFAULT 0 COMMENT '调度状态：0-停止，1-运行',
  `trigger_last_time` bigint(13) NOT NULL DEFAULT 0 COMMENT '上次调度时间',
  `trigger_next_time` bigint(13) NOT NULL DEFAULT 0 COMMENT '下次调度时间',
  PRIMARY KEY (`id`)
) ENGINE=InnoDB AUTO_INCREMENT=7 DEFAULT CHARSET=utf8mb4;

-- ----------------------------
-- Records of xxl_job_info
-- ----------------------------
INSERT INTO `xxl_job_info` VALUES ('1', '1', '测试任务1', '2018-11-03 22:21:31', '2021-09-09 16:14:13', 'XXL', '', 'CRON', '0 0 0 * * ? *', 'DO_NOTHING', 'FIRST', 'demoJobHandler', '', 'SERIAL_EXECUTION', '0', '0', 'BEAN', '', 'GLUE代码初始化', '2018-11-03 22:21:31', '', '0', '0', '0');
INSERT INTO `xxl_job_info` VALUES ('2', '1', 'HTTP', '2021-09-09 16:32:08', '2021-09-09 18:02:33', 'jiabaoTang', '', 'CRON', '0 0 0 * * ? *', 'DO_NOTHING', 'FIRST', 'httpJobHandler', '', 'SERIAL_EXECUTION', '0', '0', 'BEAN', '', 'GLUE代码初始化', '2021-09-09 16:32:08', '', '0', '0', '0');
INSERT INTO `xxl_job_info` VALUES ('4', '1', '告警推送-333', '2021-09-09 21:00:34', '2021-09-13 17:59:57', 'jiabaoTang', '', 'CRON', '0 * * * * ?', 'DO_NOTHING', 'FIRST', 'sendJobHandler', '333', 'SERIAL_EXECUTION', '0', '0', 'BEAN', null, 'GLUE代码初始化', '2021-09-09 21:00:34', '', '0', '0', '0');
INSERT INTO `xxl_job_info` VALUES ('5', '1', '告警推送-444', '2021-09-10 15:07:51', '2021-09-13 17:17:40', 'jiabaoTang', '', 'CRON', '0 * * * * ?', 'DO_NOTHING', 'FIRST', 'sendJobHandler', '444', 'SERIAL_EXECUTION', '0', '0', 'BEAN', '', 'GLUE代码初始化', '2021-09-10 15:07:51', '', '0', '0', '0');
INSERT INTO `xxl_job_info` VALUES ('6', '1', '告警推送-555', '2021-09-10 15:11:29', '2021-09-13 17:17:35', 'jiabaoTang', '', 'CRON', '0 * * * * ?', 'DO_NOTHING', 'FIRST', 'sendJobHandler', '555', 'SERIAL_EXECUTION', '0', '0', 'BEAN', '', 'GLUE代码初始化', '2021-09-10 15:11:29', '', '0', '0', '0');

-- ----------------------------
-- Table structure for xxl_job_lock
-- ----------------------------
DROP TABLE IF EXISTS `xxl_job_lock`;
CREATE TABLE `xxl_job_lock` (
  `lock_name` varchar(50) NOT NULL COMMENT '锁名称',
  PRIMARY KEY (`lock_name`)
) ENGINE=InnoDB DEFAULT CHARSET=utf8mb4;

-- ----------------------------
-- Records of xxl_job_lock
-- ----------------------------
INSERT INTO `xxl_job_lock` VALUES ('schedule_lock');

-- ----------------------------
-- Table structure for xxl_job_log
-- ----------------------------
DROP TABLE IF EXISTS `xxl_job_log`;
CREATE TABLE `xxl_job_log` (
  `id` bigint(20) NOT NULL AUTO_INCREMENT,
  `job_group` int(11) NOT NULL COMMENT '执行器主键ID',
  `job_id` int(11) NOT NULL COMMENT '任务，主键ID',
  `executor_address` varchar(255) DEFAULT NULL COMMENT '执行器地址，本次执行的地址',
  `executor_handler` varchar(255) DEFAULT NULL COMMENT '执行器任务handler',
  `executor_param` varchar(512) DEFAULT NULL COMMENT '执行器任务参数',
  `executor_sharding_param` varchar(20) DEFAULT NULL COMMENT '执行器任务分片参数，格式如 1/2',
  `executor_fail_retry_count` int(11) NOT NULL DEFAULT 0 COMMENT '失败重试次数',
  `trigger_time` datetime DEFAULT NULL COMMENT '调度-时间',
  `trigger_code` int(11) NOT NULL COMMENT '调度-结果',
  `trigger_msg` text DEFAULT NULL COMMENT '调度-日志',
  `handle_time` datetime DEFAULT NULL COMMENT '执行-时间',
  `handle_code` int(11) NOT NULL COMMENT '执行-状态',
  `handle_msg` text DEFAULT NULL COMMENT '执行-日志',
  `alarm_status` tinyint(4) NOT NULL DEFAULT 0 COMMENT '告警状态：0-默认、1-无需告警、2-告警成功、3-告警失败',
  PRIMARY KEY (`id`),
  KEY `I_trigger_time` (`trigger_time`),
  KEY `I_handle_code` (`handle_code`)
) ENGINE=InnoDB AUTO_INCREMENT=207 DEFAULT CHARSET=utf8mb4;

-- ----------------------------
-- Records of xxl_job_log
-- ----------------------------
INSERT INTO `xxl_job_log` VALUES ('1', '1', '1', null, 'demoJobHandler', '', null, '0', '2021-09-09 14:40:58', '500', '任务触发类型：手动触发<br>调度机器：192.168.236.1<br>执行器-注册方式：自动注册<br>执行器-地址列表：null<br>路由策略：第一个<br>阻塞处理策略：单机串行<br>任务超时时间：0<br>失败重试次数：0<br><br><span style=\"color:#00c0ef;\" > >>>>>>>>>>>触发调度<<<<<<<<<<< </span><br>调度失败：执行器地址为空<br><br>', null, '0', null, '2');
INSERT INTO `xxl_job_log` VALUES ('2', '1', '1', '192.168.236.1', 'demoJobHandler', '', null, '0', '2021-09-09 14:41:35', '500', '任务触发类型：手动触发<br>调度机器：192.168.236.1<br>执行器-注册方式：手动录入<br>执行器-地址列表：[192.168.236.1]<br>路由策略：第一个<br>阻塞处理策略：单机串行<br>任务超时时间：0<br>失败重试次数：0<br><br><span style=\"color:#00c0ef;\" > >>>>>>>>>>>触发调度<<<<<<<<<<< </span><br>触发调度：<br>address：192.168.236.1<br>code：500<br>msg：xxl-job remoting error(no protocol: 192.168.236.1/run), for url : 192.168.236.1/run', null, '0', null, '2');
INSERT INTO `xxl_job_log` VALUES ('3', '1', '1', '127.0.0.1', 'demoJobHandler', '', null, '0', '2021-09-09 14:41:56', '500', '任务触发类型：手动触发<br>调度机器：192.168.236.1<br>执行器-注册方式：手动录入<br>执行器-地址列表：[127.0.0.1]<br>路由策略：第一个<br>阻塞处理策略：单机串行<br>任务超时时间：0<br>失败重试次数：0<br><br><span style=\"color:#00c0ef;\" > >>>>>>>>>>>触发调度<<<<<<<<<<< </span><br>触发调度：<br>address：127.0.0.1<br>code：500<br>msg：xxl-job remoting error(no protocol: 127.0.0.1/run), for url : 127.0.0.1/run', null, '0', null, '2');
INSERT INTO `xxl_job_log` VALUES ('4', '1', '1', null, 'demoJobHandler', '', null, '0', '2021-09-09 14:43:39', '500', '任务触发类型：手动触发<br>调度机器：192.168.236.1<br>执行器-注册方式：自动注册<br>执行器-地址列表：null<br>路由策略：第一个<br>阻塞处理策略：单机串行<br>任务超时时间：0<br>失败重试次数：0<br><br><span style=\"color:#00c0ef;\" > >>>>>>>>>>>触发调度<<<<<<<<<<< </span><br>调度失败：执行器地址为空<br><br>', null, '0', null, '2');
INSERT INTO `xxl_job_log` VALUES ('5', '1', '1', '127.0.0.1', 'demoJobHandler', '', null, '0', '2021-09-09 14:44:04', '500', '任务触发类型：手动触发<br>调度机器：192.168.236.1<br>执行器-注册方式：手动录入<br>执行器-地址列表：[127.0.0.1]<br>路由策略：第一个<br>阻塞处理策略：单机串行<br>任务超时时间：0<br>失败重试次数：0<br><br><span style=\"color:#00c0ef;\" > >>>>>>>>>>>触发调度<<<<<<<<<<< </span><br>触发调度：<br>address：127.0.0.1<br>code：500<br>msg：xxl-job remoting error(no protocol: 127.0.0.1/run), for url : 127.0.0.1/run', null, '0', null, '2');
INSERT INTO `xxl_job_log` VALUES ('6', '1', '1', '127.0.0.1:8080', 'demoJobHandler', '', null, '0', '2021-09-09 14:48:51', '500', '任务触发类型：手动触发<br>调度机器：192.168.236.1<br>执行器-注册方式：手动录入<br>执行器-地址列表：[127.0.0.1:8080]<br>路由策略：第一个<br>阻塞处理策略：单机串行<br>任务超时时间：0<br>失败重试次数：0<br><br><span style=\"color:#00c0ef;\" > >>>>>>>>>>>触发调度<<<<<<<<<<< </span><br>触发调度：<br>address：127.0.0.1:8080<br>code：500<br>msg：xxl-job remoting error(no protocol: 127.0.0.1:8080/run), for url : 127.0.0.1:8080/run', null, '0', null, '2');
INSERT INTO `xxl_job_log` VALUES ('7', '1', '1', '127.0.0.1:8081', 'demoJobHandler', '', null, '0', '2021-09-09 14:58:18', '500', '任务触发类型：手动触发<br>调度机器：192.168.236.1<br>执行器-注册方式：手动录入<br>执行器-地址列表：[127.0.0.1:8081]<br>路由策略：第一个<br>阻塞处理策略：单机串行<br>任务超时时间：0<br>失败重试次数：0<br><br><span style=\"color:#00c0ef;\" > >>>>>>>>>>>触发调度<<<<<<<<<<< </span><br>触发调度：<br>address：127.0.0.1:8081<br>code：500<br>msg：xxl-job remoting error(no protocol: 127.0.0.1:8081/run), for url : 127.0.0.1:8081/run', null, '0', null, '2');
INSERT INTO `xxl_job_log` VALUES ('8', '1', '1', 'http://192.168.236.1:9999/', 'demoJobHandler', '', null, '0', '2021-09-09 14:59:23', '200', '任务触发类型：手动触发<br>调度机器：192.168.236.1<br>执行器-注册方式：自动注册<br>执行器-地址列表：[http://192.168.236.1:9999/]<br>路由策略：第一个<br>阻塞处理策略：单机串行<br>任务超时时间：0<br>失败重试次数：0<br><br><span style=\"color:#00c0ef;\" > >>>>>>>>>>>触发调度<<<<<<<<<<< </span><br>触发调度：<br>address：http://192.168.236.1:9999/<br>code：200<br>msg：null', '2021-09-09 14:59:33', '200', '', '0');
INSERT INTO `xxl_job_log` VALUES ('9', '1', '1', 'http://192.168.236.1:9999/', 'demoJobHandler', '', null, '0', '2021-09-09 15:02:17', '200', '任务触发类型：手动触发<br>调度机器：192.168.236.1<br>执行器-注册方式：自动注册<br>执行器-地址列表：[http://192.168.236.1:9999/]<br>路由策略：第一个<br>阻塞处理策略：单机串行<br>任务超时时间：0<br>失败重试次数：0<br><br><span style=\"color:#00c0ef;\" > >>>>>>>>>>>触发调度<<<<<<<<<<< </span><br>触发调度：<br>address：http://192.168.236.1:9999/<br>code：200<br>msg：null', '2021-09-09 15:02:27', '200', '', '0');
INSERT INTO `xxl_job_log` VALUES ('10', '1', '1', 'http://192.168.236.1:9999/', 'demoJobHandler', '', null, '0', '2021-09-09 16:13:26', '200', '任务触发类型：手动触发<br>调度机器：192.168.236.1<br>执行器-注册方式：自动注册<br>执行器-地址列表：[http://192.168.236.1:9999/]<br>路由策略：第一个<br>阻塞处理策略：单机串行<br>任务超时时间：0<br>失败重试次数：0<br><br><span style=\"color:#00c0ef;\" > >>>>>>>>>>>触发调度<<<<<<<<<<< </span><br>触发调度：<br>address：http://192.168.236.1:9999/<br>code：200<br>msg：null', '2021-09-09 16:13:37', '200', '', '0');
INSERT INTO `xxl_job_log` VALUES ('11', '1', '2', null, 'httpJobHandler', '', null, '0', '2021-09-09 16:32:22', '500', '任务触发类型：手动触发<br>调度机器：192.168.236.1<br>执行器-注册方式：自动注册<br>执行器-地址列表：null<br>路由策略：第一个<br>阻塞处理策略：单机串行<br>任务超时时间：0<br>失败重试次数：0<br><br><span style=\"color:#00c0ef;\" > >>>>>>>>>>>触发调度<<<<<<<<<<< </span><br>调度失败：执行器地址为空<br><br>', null, '0', null, '2');
INSERT INTO `xxl_job_log` VALUES ('12', '1', '2', 'http://192.168.236.1:9999/', 'httpJobHandler', '', null, '0', '2021-09-09 16:32:37', '200', '任务触发类型：手动触发<br>调度机器：192.168.236.1<br>执行器-注册方式：自动注册<br>执行器-地址列表：[http://192.168.236.1:9999/]<br>路由策略：第一个<br>阻塞处理策略：单机串行<br>任务超时时间：0<br>失败重试次数：0<br><br><span style=\"color:#00c0ef;\" > >>>>>>>>>>>触发调度<<<<<<<<<<< </span><br>触发调度：<br>address：http://192.168.236.1:9999/<br>code：200<br>msg：null', '2021-09-09 16:32:38', '500', '', '2');
INSERT INTO `xxl_job_log` VALUES ('13', '1', '2', 'http://192.168.236.1:9999/', 'httpJobHandler', '', null, '0', '2021-09-09 16:34:38', '200', '任务触发类型：手动触发<br>调度机器：192.168.236.1<br>执行器-注册方式：自动注册<br>执行器-地址列表：[http://192.168.236.1:9999/]<br>路由策略：第一个<br>阻塞处理策略：单机串行<br>任务超时时间：0<br>失败重试次数：0<br><br><span style=\"color:#00c0ef;\" > >>>>>>>>>>>触发调度<<<<<<<<<<< </span><br>触发调度：<br>address：http://192.168.236.1:9999/<br>code：200<br>msg：null', '2021-09-09 16:34:38', '500', '', '2');
INSERT INTO `xxl_job_log` VALUES ('14', '1', '2', 'http://192.168.236.1:9999/', 'httpJobHandler', '', null, '0', '2021-09-09 16:38:25', '200', '任务触发类型：手动触发<br>调度机器：192.168.236.1<br>执行器-注册方式：自动注册<br>执行器-地址列表：[http://192.168.236.1:9999/]<br>路由策略：第一个<br>阻塞处理策略：单机串行<br>任务超时时间：0<br>失败重试次数：0<br><br><span style=\"color:#00c0ef;\" > >>>>>>>>>>>触发调度<<<<<<<<<<< </span><br>触发调度：<br>address：http://192.168.236.1:9999/<br>code：200<br>msg：null', '2021-09-09 16:38:25', '500', '', '2');
INSERT INTO `xxl_job_log` VALUES ('15', '1', '2', 'http://192.168.236.1:9999/', 'httpJobHandler', '', null, '0', '2021-09-09 16:41:42', '200', '任务触发类型：手动触发<br>调度机器：192.168.236.1<br>执行器-注册方式：自动注册<br>执行器-地址列表：[http://192.168.236.1:9999/]<br>路由策略：第一个<br>阻塞处理策略：单机串行<br>任务超时时间：0<br>失败重试次数：0<br><br><span style=\"color:#00c0ef;\" > >>>>>>>>>>>触发调度<<<<<<<<<<< </span><br>触发调度：<br>address：http://192.168.236.1:9999/<br>code：200<br>msg：null', '2021-09-09 16:41:42', '500', '', '2');
INSERT INTO `xxl_job_log` VALUES ('16', '1', '2', 'http://192.168.236.1:9999/', 'httpJobHandler', '', null, '0', '2021-09-09 16:42:58', '200', '任务触发类型：手动触发<br>调度机器：192.168.236.1<br>执行器-注册方式：自动注册<br>执行器-地址列表：[http://192.168.236.1:9999/]<br>路由策略：第一个<br>阻塞处理策略：单机串行<br>任务超时时间：0<br>失败重试次数：0<br><br><span style=\"color:#00c0ef;\" > >>>>>>>>>>>触发调度<<<<<<<<<<< </span><br>触发调度：<br>address：http://192.168.236.1:9999/<br>code：200<br>msg：null', '2021-09-09 16:42:58', '500', '', '2');
INSERT INTO `xxl_job_log` VALUES ('17', '1', '2', 'http://192.168.236.1:9999/', 'httpJobHandler', '', null, '0', '2021-09-09 16:53:24', '200', '任务触发类型：手动触发<br>调度机器：192.168.236.1<br>执行器-注册方式：自动注册<br>执行器-地址列表：[http://192.168.236.1:9999/]<br>路由策略：第一个<br>阻塞处理策略：单机串行<br>任务超时时间：0<br>失败重试次数：0<br><br><span style=\"color:#00c0ef;\" > >>>>>>>>>>>触发调度<<<<<<<<<<< </span><br>触发调度：<br>address：http://192.168.236.1:9999/<br>code：200<br>msg：null', '2021-09-09 16:53:24', '500', '', '2');
INSERT INTO `xxl_job_log` VALUES ('18', '1', '2', 'http://192.168.236.1:9999/', 'httpJobHandler', '', null, '0', '2021-09-09 16:56:06', '200', '任务触发类型：手动触发<br>调度机器：192.168.236.1<br>执行器-注册方式：自动注册<br>执行器-地址列表：[http://192.168.236.1:9999/]<br>路由策略：第一个<br>阻塞处理策略：单机串行<br>任务超时时间：0<br>失败重试次数：0<br><br><span style=\"color:#00c0ef;\" > >>>>>>>>>>>触发调度<<<<<<<<<<< </span><br>触发调度：<br>address：http://192.168.236.1:9999/<br>code：200<br>msg：null', '2021-09-09 16:56:27', '500', '', '2');
INSERT INTO `xxl_job_log` VALUES ('19', '1', '2', 'http://192.168.236.1:9999/', 'httpJobHandler', '测试', null, '0', '2021-09-09 16:57:00', '200', '任务触发类型：手动触发<br>调度机器：192.168.236.1<br>执行器-注册方式：自动注册<br>执行器-地址列表：[http://192.168.236.1:9999/]<br>路由策略：第一个<br>阻塞处理策略：单机串行<br>任务超时时间：0<br>失败重试次数：0<br><br><span style=\"color:#00c0ef;\" > >>>>>>>>>>>触发调度<<<<<<<<<<< </span><br>触发调度：<br>address：http://192.168.236.1:9999/<br>code：200<br>msg：null', '2021-09-09 16:57:00', '500', '', '2');
INSERT INTO `xxl_job_log` VALUES ('20', '1', '2', 'http://192.168.236.1:9999/', 'httpJobHandler', '测试\\n', null, '0', '2021-09-09 16:57:27', '200', '任务触发类型：手动触发<br>调度机器：192.168.236.1<br>执行器-注册方式：自动注册<br>执行器-地址列表：[http://192.168.236.1:9999/]<br>路由策略：第一个<br>阻塞处理策略：单机串行<br>任务超时时间：0<br>失败重试次数：0<br><br><span style=\"color:#00c0ef;\" > >>>>>>>>>>>触发调度<<<<<<<<<<< </span><br>触发调度：<br>address：http://192.168.236.1:9999/<br>code：200<br>msg：null', '2021-09-09 16:58:05', '500', '', '2');
INSERT INTO `xxl_job_log` VALUES ('21', '1', '2', 'http://192.168.236.1:9999/', 'httpJobHandler', '测试', null, '0', '2021-09-09 16:58:50', '200', '任务触发类型：手动触发<br>调度机器：192.168.236.1<br>执行器-注册方式：自动注册<br>执行器-地址列表：[http://192.168.236.1:9999/]<br>路由策略：第一个<br>阻塞处理策略：单机串行<br>任务超时时间：0<br>失败重试次数：0<br><br><span style=\"color:#00c0ef;\" > >>>>>>>>>>>触发调度<<<<<<<<<<< </span><br>触发调度：<br>address：http://192.168.236.1:9999/<br>code：200<br>msg：null', '2021-09-09 16:58:50', '500', '', '2');
INSERT INTO `xxl_job_log` VALUES ('22', '1', '2', 'http://192.168.236.1:9999/', 'httpJobHandler', '', null, '0', '2021-09-09 16:59:12', '200', '任务触发类型：手动触发<br>调度机器：192.168.236.1<br>执行器-注册方式：自动注册<br>执行器-地址列表：[http://192.168.236.1:9999/]<br>路由策略：第一个<br>阻塞处理策略：单机串行<br>任务超时时间：0<br>失败重试次数：0<br><br><span style=\"color:#00c0ef;\" > >>>>>>>>>>>触发调度<<<<<<<<<<< </span><br>触发调度：<br>address：http://192.168.236.1:9999/<br>code：200<br>msg：null', '2021-09-09 16:59:26', '500', '', '2');
INSERT INTO `xxl_job_log` VALUES ('23', '1', '2', 'http://192.168.236.1:9999/', 'httpJobHandler', '测试', null, '0', '2021-09-09 16:59:35', '200', '任务触发类型：手动触发<br>调度机器：192.168.236.1<br>执行器-注册方式：自动注册<br>执行器-地址列表：[http://192.168.236.1:9999/]<br>路由策略：第一个<br>阻塞处理策略：单机串行<br>任务超时时间：0<br>失败重试次数：0<br><br><span style=\"color:#00c0ef;\" > >>>>>>>>>>>触发调度<<<<<<<<<<< </span><br>触发调度：<br>address：http://192.168.236.1:9999/<br>code：200<br>msg：null', '2021-09-09 17:00:40', '500', '', '2');
INSERT INTO `xxl_job_log` VALUES ('24', '1', '2', 'http://192.168.236.1:9999/', 'httpJobHandler', '测试', null, '0', '2021-09-09 17:03:44', '200', '任务触发类型：手动触发<br>调度机器：192.168.236.1<br>执行器-注册方式：自动注册<br>执行器-地址列表：[http://192.168.236.1:9999/]<br>路由策略：第一个<br>阻塞处理策略：单机串行<br>任务超时时间：0<br>失败重试次数：0<br><br><span style=\"color:#00c0ef;\" > >>>>>>>>>>>触发调度<<<<<<<<<<< </span><br>触发调度：<br>address：http://192.168.236.1:9999/<br>code：200<br>msg：null', '2021-09-09 17:04:04', '500', '', '2');
INSERT INTO `xxl_job_log` VALUES ('25', '1', '2', 'http://192.168.236.1:9999/', 'httpJobHandler', '测', null, '0', '2021-09-09 17:04:15', '200', '任务触发类型：手动触发<br>调度机器：192.168.236.1<br>执行器-注册方式：自动注册<br>执行器-地址列表：[http://192.168.236.1:9999/]<br>路由策略：第一个<br>阻塞处理策略：单机串行<br>任务超时时间：0<br>失败重试次数：0<br><br><span style=\"color:#00c0ef;\" > >>>>>>>>>>>触发调度<<<<<<<<<<< </span><br>触发调度：<br>address：http://192.168.236.1:9999/<br>code：200<br>msg：null', '2021-09-09 17:04:31', '200', '', '0');
INSERT INTO `xxl_job_log` VALUES ('26', '1', '4', 'http://192.168.236.1:9999/', 'sendJobHandler', '', null, '0', '2021-09-10 10:26:26', '200', '任务触发类型：手动触发<br>调度机器：192.168.236.1<br>执行器-注册方式：自动注册<br>执行器-地址列表：[http://192.168.236.1:9999/]<br>路由策略：第一个<br>阻塞处理策略：单机串行<br>任务超时时间：0<br>失败重试次数：0<br><br><span style=\"color:#00c0ef;\" > >>>>>>>>>>>触发调度<<<<<<<<<<< </span><br>触发调度：<br>address：http://192.168.236.1:9999/<br>code：200<br>msg：null', '2021-09-10 10:26:26', '200', '', '0');
INSERT INTO `xxl_job_log` VALUES ('27', '1', '4', 'http://192.168.236.1:9999/', 'sendJobHandler', '', null, '0', '2021-09-10 10:31:00', '200', '任务触发类型：Cron触发<br>调度机器：192.168.236.1<br>执行器-注册方式：自动注册<br>执行器-地址列表：[http://192.168.236.1:9999/]<br>路由策略：第一个<br>阻塞处理策略：单机串行<br>任务超时时间：0<br>失败重试次数：0<br><br><span style=\"color:#00c0ef;\" > >>>>>>>>>>>触发调度<<<<<<<<<<< </span><br>触发调度：<br>address：http://192.168.236.1:9999/<br>code：200<br>msg：null', '2021-09-10 10:31:00', '200', '', '0');
INSERT INTO `xxl_job_log` VALUES ('28', '1', '4', 'http://192.168.236.1:9999/', 'sendJobHandler', '', null, '0', '2021-09-10 11:17:00', '200', '任务触发类型：Cron触发<br>调度机器：192.168.236.1<br>执行器-注册方式：自动注册<br>执行器-地址列表：[http://192.168.236.1:9999/]<br>路由策略：第一个<br>阻塞处理策略：单机串行<br>任务超时时间：0<br>失败重试次数：0<br><br><span style=\"color:#00c0ef;\" > >>>>>>>>>>>触发调度<<<<<<<<<<< </span><br>触发调度：<br>address：http://192.168.236.1:9999/<br>code：200<br>msg：null', '2021-09-10 11:17:10', '200', '', '0');
INSERT INTO `xxl_job_log` VALUES ('29', '1', '4', 'http://192.168.236.1:9999/', 'sendJobHandler', '', null, '0', '2021-09-10 11:18:00', '200', '任务触发类型：Cron触发<br>调度机器：192.168.236.1<br>执行器-注册方式：自动注册<br>执行器-地址列表：[http://192.168.236.1:9999/]<br>路由策略：第一个<br>阻塞处理策略：单机串行<br>任务超时时间：0<br>失败重试次数：0<br><br><span style=\"color:#00c0ef;\" > >>>>>>>>>>>触发调度<<<<<<<<<<< </span><br>触发调度：<br>address：http://192.168.236.1:9999/<br>code：200<br>msg：null', '2021-09-10 11:18:03', '200', '', '0');
INSERT INTO `xxl_job_log` VALUES ('30', '1', '4', 'http://192.168.236.1:9999/', 'sendJobHandler', '', null, '0', '2021-09-10 11:19:00', '200', '任务触发类型：Cron触发<br>调度机器：192.168.236.1<br>执行器-注册方式：自动注册<br>执行器-地址列表：[http://192.168.236.1:9999/]<br>路由策略：第一个<br>阻塞处理策略：单机串行<br>任务超时时间：0<br>失败重试次数：0<br><br><span style=\"color:#00c0ef;\" > >>>>>>>>>>>触发调度<<<<<<<<<<< </span><br>触发调度：<br>address：http://192.168.236.1:9999/<br>code：200<br>msg：null', '2021-09-10 11:19:00', '200', '', '0');
INSERT INTO `xxl_job_log` VALUES ('31', '1', '4', 'http://192.168.236.1:9999/', 'sendJobHandler', '', null, '0', '2021-09-10 11:20:00', '500', '任务触发类型：Cron触发<br>调度机器：192.168.236.1<br>执行器-注册方式：自动注册<br>执行器-地址列表：[http://192.168.236.1:9999/]<br>路由策略：第一个<br>阻塞处理策略：单机串行<br>任务超时时间：0<br>失败重试次数：0<br><br><span style=\"color:#00c0ef;\" > >>>>>>>>>>>触发调度<<<<<<<<<<< </span><br>触发调度：<br>address：http://192.168.236.1:9999/<br>code：500<br>msg：xxl-job remoting error(Connection refused: connect), for url : http://192.168.236.1:9999/run', null, '0', null, '2');
INSERT INTO `xxl_job_log` VALUES ('32', '1', '4', null, 'sendJobHandler', '', null, '0', '2021-09-10 11:51:00', '500', '任务触发类型：Cron触发<br>调度机器：192.168.236.1<br>执行器-注册方式：自动注册<br>执行器-地址列表：null<br>路由策略：第一个<br>阻塞处理策略：单机串行<br>任务超时时间：0<br>失败重试次数：0<br><br><span style=\"color:#00c0ef;\" > >>>>>>>>>>>触发调度<<<<<<<<<<< </span><br>调度失败：执行器地址为空<br><br>', null, '0', null, '2');
INSERT INTO `xxl_job_log` VALUES ('33', '1', '4', null, 'sendJobHandler', '', null, '0', '2021-09-10 11:52:00', '500', '任务触发类型：Cron触发<br>调度机器：192.168.236.1<br>执行器-注册方式：自动注册<br>执行器-地址列表：null<br>路由策略：第一个<br>阻塞处理策略：单机串行<br>任务超时时间：0<br>失败重试次数：0<br><br><span style=\"color:#00c0ef;\" > >>>>>>>>>>>触发调度<<<<<<<<<<< </span><br>调度失败：执行器地址为空<br><br>', null, '0', null, '2');
INSERT INTO `xxl_job_log` VALUES ('34', '1', '4', null, 'sendJobHandler', '', null, '0', '2021-09-10 11:53:00', '500', '任务触发类型：Cron触发<br>调度机器：192.168.236.1<br>执行器-注册方式：自动注册<br>执行器-地址列表：null<br>路由策略：第一个<br>阻塞处理策略：单机串行<br>任务超时时间：0<br>失败重试次数：0<br><br><span style=\"color:#00c0ef;\" > >>>>>>>>>>>触发调度<<<<<<<<<<< </span><br>调度失败：执行器地址为空<br><br>', null, '0', null, '2');
INSERT INTO `xxl_job_log` VALUES ('35', '1', '4', null, 'sendJobHandler', '', null, '0', '2021-09-10 11:54:00', '500', '任务触发类型：Cron触发<br>调度机器：192.168.236.1<br>执行器-注册方式：自动注册<br>执行器-地址列表：null<br>路由策略：第一个<br>阻塞处理策略：单机串行<br>任务超时时间：0<br>失败重试次数：0<br><br><span style=\"color:#00c0ef;\" > >>>>>>>>>>>触发调度<<<<<<<<<<< </span><br>调度失败：执行器地址为空<br><br>', null, '0', null, '2');
INSERT INTO `xxl_job_log` VALUES ('36', '1', '4', 'http://192.168.236.1:9999/', 'sendJobHandler', '', null, '0', '2021-09-10 11:55:00', '200', '任务触发类型：Cron触发<br>调度机器：192.168.236.1<br>执行器-注册方式：自动注册<br>执行器-地址列表：[http://192.168.236.1:9999/]<br>路由策略：第一个<br>阻塞处理策略：单机串行<br>任务超时时间：0<br>失败重试次数：0<br><br><span style=\"color:#00c0ef;\" > >>>>>>>>>>>触发调度<<<<<<<<<<< </span><br>触发调度：<br>address：http://192.168.236.1:9999/<br>code：200<br>msg：null', '2021-09-10 11:55:00', '200', '', '0');
INSERT INTO `xxl_job_log` VALUES ('37', '1', '4', 'http://192.168.236.1:9999/', 'sendJobHandler', '', null, '0', '2021-09-10 11:56:00', '200', '任务触发类型：Cron触发<br>调度机器：192.168.236.1<br>执行器-注册方式：自动注册<br>执行器-地址列表：[http://192.168.236.1:9999/]<br>路由策略：第一个<br>阻塞处理策略：单机串行<br>任务超时时间：0<br>失败重试次数：0<br><br><span style=\"color:#00c0ef;\" > >>>>>>>>>>>触发调度<<<<<<<<<<< </span><br>触发调度：<br>address：http://192.168.236.1:9999/<br>code：200<br>msg：null', '2021-09-10 11:56:00', '500', 'java.lang.reflect.InvocationTargetException\r\n	at sun.reflect.NativeMethodAccessorImpl.invoke0(Native Method)\r\n	at sun.reflect.NativeMethodAccessorImpl.invoke(NativeMethodAccessorImpl.java:62)\r\n	at sun.reflect.DelegatingMethodAccessorImpl.invoke(DelegatingMethodAccessorImpl.java:43)\r\n	at java.lang.reflect.Method.invoke(Method.java:498)\r\n	at com.xxl.job.core.handler.impl.MethodJobHandler.execute(MethodJobHandler.java:31)\r\n	at com.xxl.job.core.thread.JobThread.run(JobThread.java:163)\r\nCaused by: java.lang.IllegalArgumentException: invalid channel\r\n	at cn.andata.alert.notice.jobhandler.SendMsgJob.triggerAlarm(SendMsgJob.java:69)\r\n	at cn.andata.alert.notice.jobhandler.SendMsgJob.demoJobHandler(SendMsgJob.java:39)\r\n	... 6 more\r\n', '2');
INSERT INTO `xxl_job_log` VALUES ('38', '1', '4', 'http://192.168.236.1:9999/', 'sendJobHandler', '', null, '0', '2021-09-10 11:57:00', '200', '任务触发类型：Cron触发<br>调度机器：192.168.236.1<br>执行器-注册方式：自动注册<br>执行器-地址列表：[http://192.168.236.1:9999/]<br>路由策略：第一个<br>阻塞处理策略：单机串行<br>任务超时时间：0<br>失败重试次数：0<br><br><span style=\"color:#00c0ef;\" > >>>>>>>>>>>触发调度<<<<<<<<<<< </span><br>触发调度：<br>address：http://192.168.236.1:9999/<br>code：200<br>msg：null', '2021-09-10 11:57:00', '500', 'java.lang.reflect.InvocationTargetException\r\n	at sun.reflect.NativeMethodAccessorImpl.invoke0(Native Method)\r\n	at sun.reflect.NativeMethodAccessorImpl.invoke(NativeMethodAccessorImpl.java:62)\r\n	at sun.reflect.DelegatingMethodAccessorImpl.invoke(DelegatingMethodAccessorImpl.java:43)\r\n	at java.lang.reflect.Method.invoke(Method.java:498)\r\n	at com.xxl.job.core.handler.impl.MethodJobHandler.execute(MethodJobHandler.java:31)\r\n	at com.xxl.job.core.thread.JobThread.run(JobThread.java:163)\r\nCaused by: java.lang.IllegalArgumentException: invalid channel\r\n	at cn.andata.alert.notice.jobhandler.SendMsgJob.triggerAlarm(SendMsgJob.java:69)\r\n	at cn.andata.alert.notice.jobhandler.SendMsgJob.demoJobHandler(SendMsgJob.java:39)\r\n	... 6 more\r\n', '2');
INSERT INTO `xxl_job_log` VALUES ('39', '1', '4', 'http://192.168.236.1:9999/', 'sendJobHandler', '', null, '0', '2021-09-10 11:58:00', '200', '任务触发类型：Cron触发<br>调度机器：192.168.236.1<br>执行器-注册方式：自动注册<br>执行器-地址列表：[http://192.168.236.1:9999/]<br>路由策略：第一个<br>阻塞处理策略：单机串行<br>任务超时时间：0<br>失败重试次数：0<br><br><span style=\"color:#00c0ef;\" > >>>>>>>>>>>触发调度<<<<<<<<<<< </span><br>触发调度：<br>address：http://192.168.236.1:9999/<br>code：200<br>msg：null', '2021-09-10 11:58:00', '500', 'java.lang.reflect.InvocationTargetException\r\n	at sun.reflect.NativeMethodAccessorImpl.invoke0(Native Method)\r\n	at sun.reflect.NativeMethodAccessorImpl.invoke(NativeMethodAccessorImpl.java:62)\r\n	at sun.reflect.DelegatingMethodAccessorImpl.invoke(DelegatingMethodAccessorImpl.java:43)\r\n	at java.lang.reflect.Method.invoke(Method.java:498)\r\n	at com.xxl.job.core.handler.impl.MethodJobHandler.execute(MethodJobHandler.java:31)\r\n	at com.xxl.job.core.thread.JobThread.run(JobThread.java:163)\r\nCaused by: java.lang.IllegalArgumentException: invalid channel\r\n	at cn.andata.alert.notice.jobhandler.SendMsgJob.triggerAlarm(SendMsgJob.java:69)\r\n	at cn.andata.alert.notice.jobhandler.SendMsgJob.demoJobHandler(SendMsgJob.java:39)\r\n	... 6 more\r\n', '2');
INSERT INTO `xxl_job_log` VALUES ('40', '1', '4', 'http://192.168.236.1:9999/', 'sendJobHandler', '', null, '0', '2021-09-10 11:59:00', '200', '任务触发类型：Cron触发<br>调度机器：192.168.236.1<br>执行器-注册方式：自动注册<br>执行器-地址列表：[http://192.168.236.1:9999/]<br>路由策略：第一个<br>阻塞处理策略：单机串行<br>任务超时时间：0<br>失败重试次数：0<br><br><span style=\"color:#00c0ef;\" > >>>>>>>>>>>触发调度<<<<<<<<<<< </span><br>触发调度：<br>address：http://192.168.236.1:9999/<br>code：200<br>msg：null', '2021-09-10 11:59:00', '500', 'java.lang.reflect.InvocationTargetException\r\n	at sun.reflect.NativeMethodAccessorImpl.invoke0(Native Method)\r\n	at sun.reflect.NativeMethodAccessorImpl.invoke(NativeMethodAccessorImpl.java:62)\r\n	at sun.reflect.DelegatingMethodAccessorImpl.invoke(DelegatingMethodAccessorImpl.java:43)\r\n	at java.lang.reflect.Method.invoke(Method.java:498)\r\n	at com.xxl.job.core.handler.impl.MethodJobHandler.execute(MethodJobHandler.java:31)\r\n	at com.xxl.job.core.thread.JobThread.run(JobThread.java:163)\r\nCaused by: java.lang.IllegalArgumentException: invalid channel\r\n	at cn.andata.alert.notice.jobhandler.SendMsgJob.triggerAlarm(SendMsgJob.java:69)\r\n	at cn.andata.alert.notice.jobhandler.SendMsgJob.demoJobHandler(SendMsgJob.java:39)\r\n	... 6 more\r\n', '2');
INSERT INTO `xxl_job_log` VALUES ('41', '1', '4', 'http://192.168.236.1:9999/', 'sendJobHandler', '', null, '0', '2021-09-10 12:00:00', '200', '任务触发类型：Cron触发<br>调度机器：192.168.236.1<br>执行器-注册方式：自动注册<br>执行器-地址列表：[http://192.168.236.1:9999/]<br>路由策略：第一个<br>阻塞处理策略：单机串行<br>任务超时时间：0<br>失败重试次数：0<br><br><span style=\"color:#00c0ef;\" > >>>>>>>>>>>触发调度<<<<<<<<<<< </span><br>触发调度：<br>address：http://192.168.236.1:9999/<br>code：200<br>msg：null', '2021-09-10 12:00:00', '500', 'java.lang.reflect.InvocationTargetException\r\n	at sun.reflect.NativeMethodAccessorImpl.invoke0(Native Method)\r\n	at sun.reflect.NativeMethodAccessorImpl.invoke(NativeMethodAccessorImpl.java:62)\r\n	at sun.reflect.DelegatingMethodAccessorImpl.invoke(DelegatingMethodAccessorImpl.java:43)\r\n	at java.lang.reflect.Method.invoke(Method.java:498)\r\n	at com.xxl.job.core.handler.impl.MethodJobHandler.execute(MethodJobHandler.java:31)\r\n	at com.xxl.job.core.thread.JobThread.run(JobThread.java:163)\r\nCaused by: java.lang.IllegalArgumentException: invalid channel\r\n	at cn.andata.alert.notice.jobhandler.SendMsgJob.triggerAlarm(SendMsgJob.java:69)\r\n	at cn.andata.alert.notice.jobhandler.SendMsgJob.demoJobHandler(SendMsgJob.java:39)\r\n	... 6 more\r\n', '2');
INSERT INTO `xxl_job_log` VALUES ('42', '1', '4', 'http://192.168.236.1:9999/', 'sendJobHandler', '', null, '0', '2021-09-10 14:33:37', '200', '任务触发类型：手动触发<br>调度机器：192.168.236.1<br>执行器-注册方式：自动注册<br>执行器-地址列表：[http://192.168.236.1:9999/]<br>路由策略：第一个<br>阻塞处理策略：单机串行<br>任务超时时间：0<br>失败重试次数：0<br><br><span style=\"color:#00c0ef;\" > >>>>>>>>>>>触发调度<<<<<<<<<<< </span><br>触发调度：<br>address：http://192.168.236.1:9999/<br>code：200<br>msg：null', '2021-09-10 14:33:38', '200', '', '0');
INSERT INTO `xxl_job_log` VALUES ('43', '1', '4', 'http://192.168.236.1:9999/', 'sendJobHandler', '333', null, '0', '2021-09-10 15:02:19', '200', '任务触发类型：手动触发<br>调度机器：192.168.236.1<br>执行器-注册方式：自动注册<br>执行器-地址列表：[http://192.168.236.1:9999/]<br>路由策略：第一个<br>阻塞处理策略：单机串行<br>任务超时时间：0<br>失败重试次数：0<br><br><span style=\"color:#00c0ef;\" > >>>>>>>>>>>触发调度<<<<<<<<<<< </span><br>触发调度：<br>address：http://192.168.236.1:9999/<br>code：200<br>msg：null', '2021-09-10 15:02:20', '200', '', '0');
INSERT INTO `xxl_job_log` VALUES ('44', '1', '4', 'http://192.168.236.1:9999/', 'sendJobHandler', '444', null, '0', '2021-09-10 15:03:08', '200', '任务触发类型：手动触发<br>调度机器：192.168.236.1<br>执行器-注册方式：自动注册<br>执行器-地址列表：[http://192.168.236.1:9999/]<br>路由策略：第一个<br>阻塞处理策略：单机串行<br>任务超时时间：0<br>失败重试次数：0<br><br><span style=\"color:#00c0ef;\" > >>>>>>>>>>>触发调度<<<<<<<<<<< </span><br>触发调度：<br>address：http://192.168.236.1:9999/<br>code：200<br>msg：null', '2021-09-10 15:03:09', '200', '', '0');
INSERT INTO `xxl_job_log` VALUES ('45', '1', '4', 'http://192.168.236.1:9999/', 'sendJobHandler', '333', null, '0', '2021-09-10 15:09:00', '200', '任务触发类型：Cron触发<br>调度机器：192.168.236.1<br>执行器-注册方式：自动注册<br>执行器-地址列表：[http://192.168.236.1:9999/]<br>路由策略：第一个<br>阻塞处理策略：单机串行<br>任务超时时间：0<br>失败重试次数：0<br><br><span style=\"color:#00c0ef;\" > >>>>>>>>>>>触发调度<<<<<<<<<<< </span><br>触发调度：<br>address：http://192.168.236.1:9999/<br>code：200<br>msg：null', '2021-09-10 15:09:00', '200', '', '0');
INSERT INTO `xxl_job_log` VALUES ('46', '1', '5', 'http://192.168.236.1:9999/', 'sendJobHandler', '444', null, '0', '2021-09-10 15:09:00', '200', '任务触发类型：Cron触发<br>调度机器：192.168.236.1<br>执行器-注册方式：自动注册<br>执行器-地址列表：[http://192.168.236.1:9999/]<br>路由策略：第一个<br>阻塞处理策略：单机串行<br>任务超时时间：0<br>失败重试次数：0<br><br><span style=\"color:#00c0ef;\" > >>>>>>>>>>>触发调度<<<<<<<<<<< </span><br>触发调度：<br>address：http://192.168.236.1:9999/<br>code：200<br>msg：null', '2021-09-10 15:09:00', '200', '', '0');
INSERT INTO `xxl_job_log` VALUES ('47', '1', '4', 'http://192.168.236.1:9999/', 'sendJobHandler', '333', null, '0', '2021-09-10 15:10:00', '200', '任务触发类型：Cron触发<br>调度机器：192.168.236.1<br>执行器-注册方式：自动注册<br>执行器-地址列表：[http://192.168.236.1:9999/]<br>路由策略：第一个<br>阻塞处理策略：单机串行<br>任务超时时间：0<br>失败重试次数：0<br><br><span style=\"color:#00c0ef;\" > >>>>>>>>>>>触发调度<<<<<<<<<<< </span><br>触发调度：<br>address：http://192.168.236.1:9999/<br>code：200<br>msg：null', '2021-09-10 15:10:00', '200', '', '0');
INSERT INTO `xxl_job_log` VALUES ('48', '1', '5', 'http://192.168.236.1:9999/', 'sendJobHandler', '444', null, '0', '2021-09-10 15:10:00', '200', '任务触发类型：Cron触发<br>调度机器：192.168.236.1<br>执行器-注册方式：自动注册<br>执行器-地址列表：[http://192.168.236.1:9999/]<br>路由策略：第一个<br>阻塞处理策略：单机串行<br>任务超时时间：0<br>失败重试次数：0<br><br><span style=\"color:#00c0ef;\" > >>>>>>>>>>>触发调度<<<<<<<<<<< </span><br>触发调度：<br>address：http://192.168.236.1:9999/<br>code：200<br>msg：null', '2021-09-10 15:10:00', '200', '', '0');
INSERT INTO `xxl_job_log` VALUES ('49', '1', '4', 'http://192.168.236.1:9999/', 'sendJobHandler', '333', null, '0', '2021-09-10 15:11:00', '200', '任务触发类型：Cron触发<br>调度机器：192.168.236.1<br>执行器-注册方式：自动注册<br>执行器-地址列表：[http://192.168.236.1:9999/]<br>路由策略：第一个<br>阻塞处理策略：单机串行<br>任务超时时间：0<br>失败重试次数：0<br><br><span style=\"color:#00c0ef;\" > >>>>>>>>>>>触发调度<<<<<<<<<<< </span><br>触发调度：<br>address：http://192.168.236.1:9999/<br>code：200<br>msg：null', '2021-09-10 15:11:00', '200', '', '0');
INSERT INTO `xxl_job_log` VALUES ('50', '1', '6', 'http://192.168.236.1:9999/', 'sendJobHandler', '555', null, '0', '2021-09-10 16:48:00', '200', '任务触发类型：Cron触发<br>调度机器：192.168.236.1<br>执行器-注册方式：自动注册<br>执行器-地址列表：[http://192.168.236.1:9999/]<br>路由策略：第一个<br>阻塞处理策略：单机串行<br>任务超时时间：0<br>失败重试次数：0<br><br><span style=\"color:#00c0ef;\" > >>>>>>>>>>>触发调度<<<<<<<<<<< </span><br>触发调度：<br>address：http://192.168.236.1:9999/<br>code：200<br>msg：null', '2021-09-10 16:48:00', '200', '', '0');
INSERT INTO `xxl_job_log` VALUES ('51', '1', '5', 'http://192.168.236.1:9999/', 'sendJobHandler', '444', null, '0', '2021-09-10 16:49:00', '200', '任务触发类型：Cron触发<br>调度机器：192.168.236.1<br>执行器-注册方式：自动注册<br>执行器-地址列表：[http://192.168.236.1:9999/]<br>路由策略：第一个<br>阻塞处理策略：单机串行<br>任务超时时间：0<br>失败重试次数：0<br><br><span style=\"color:#00c0ef;\" > >>>>>>>>>>>触发调度<<<<<<<<<<< </span><br>触发调度：<br>address：http://192.168.236.1:9999/<br>code：200<br>msg：null', '2021-09-10 16:49:00', '200', '', '0');
INSERT INTO `xxl_job_log` VALUES ('52', '1', '4', 'http://192.168.236.1:9999/', 'sendJobHandler', '333', null, '0', '2021-09-10 16:49:00', '200', '任务触发类型：Cron触发<br>调度机器：192.168.236.1<br>执行器-注册方式：自动注册<br>执行器-地址列表：[http://192.168.236.1:9999/]<br>路由策略：第一个<br>阻塞处理策略：单机串行<br>任务超时时间：0<br>失败重试次数：0<br><br><span style=\"color:#00c0ef;\" > >>>>>>>>>>>触发调度<<<<<<<<<<< </span><br>触发调度：<br>address：http://192.168.236.1:9999/<br>code：200<br>msg：null', '2021-09-10 16:49:00', '200', '', '0');
INSERT INTO `xxl_job_log` VALUES ('53', '1', '6', 'http://192.168.236.1:9999/', 'sendJobHandler', '555', null, '0', '2021-09-10 16:49:00', '200', '任务触发类型：Cron触发<br>调度机器：192.168.236.1<br>执行器-注册方式：自动注册<br>执行器-地址列表：[http://192.168.236.1:9999/]<br>路由策略：第一个<br>阻塞处理策略：单机串行<br>任务超时时间：0<br>失败重试次数：0<br><br><span style=\"color:#00c0ef;\" > >>>>>>>>>>>触发调度<<<<<<<<<<< </span><br>触发调度：<br>address：http://192.168.236.1:9999/<br>code：200<br>msg：null', '2021-09-10 16:49:00', '200', '', '0');
INSERT INTO `xxl_job_log` VALUES ('54', '1', '6', 'http://192.168.236.1:9999/', 'sendJobHandler', '555', null, '0', '2021-09-10 16:50:00', '200', '任务触发类型：Cron触发<br>调度机器：192.168.236.1<br>执行器-注册方式：自动注册<br>执行器-地址列表：[http://192.168.236.1:9999/]<br>路由策略：第一个<br>阻塞处理策略：单机串行<br>任务超时时间：0<br>失败重试次数：0<br><br><span style=\"color:#00c0ef;\" > >>>>>>>>>>>触发调度<<<<<<<<<<< </span><br>触发调度：<br>address：http://192.168.236.1:9999/<br>code：200<br>msg：null', '2021-09-10 16:50:00', '200', '', '0');
INSERT INTO `xxl_job_log` VALUES ('55', '1', '5', 'http://192.168.236.1:9999/', 'sendJobHandler', '444', null, '0', '2021-09-10 16:50:00', '200', '任务触发类型：Cron触发<br>调度机器：192.168.236.1<br>执行器-注册方式：自动注册<br>执行器-地址列表：[http://192.168.236.1:9999/]<br>路由策略：第一个<br>阻塞处理策略：单机串行<br>任务超时时间：0<br>失败重试次数：0<br><br><span style=\"color:#00c0ef;\" > >>>>>>>>>>>触发调度<<<<<<<<<<< </span><br>触发调度：<br>address：http://192.168.236.1:9999/<br>code：200<br>msg：null', '2021-09-10 16:50:00', '200', '', '0');
INSERT INTO `xxl_job_log` VALUES ('56', '1', '4', 'http://192.168.236.1:9999/', 'sendJobHandler', '333', null, '0', '2021-09-10 16:50:00', '200', '任务触发类型：Cron触发<br>调度机器：192.168.236.1<br>执行器-注册方式：自动注册<br>执行器-地址列表：[http://192.168.236.1:9999/]<br>路由策略：第一个<br>阻塞处理策略：单机串行<br>任务超时时间：0<br>失败重试次数：0<br><br><span style=\"color:#00c0ef;\" > >>>>>>>>>>>触发调度<<<<<<<<<<< </span><br>触发调度：<br>address：http://192.168.236.1:9999/<br>code：200<br>msg：null', '2021-09-10 16:50:00', '200', '', '0');
INSERT INTO `xxl_job_log` VALUES ('57', '1', '5', 'http://192.168.236.1:9999/', 'sendJobHandler', '444', null, '0', '2021-09-10 16:51:00', '200', '任务触发类型：Cron触发<br>调度机器：192.168.236.1<br>执行器-注册方式：自动注册<br>执行器-地址列表：[http://192.168.236.1:9999/]<br>路由策略：第一个<br>阻塞处理策略：单机串行<br>任务超时时间：0<br>失败重试次数：0<br><br><span style=\"color:#00c0ef;\" > >>>>>>>>>>>触发调度<<<<<<<<<<< </span><br>触发调度：<br>address：http://192.168.236.1:9999/<br>code：200<br>msg：null', '2021-09-10 16:51:00', '200', '', '0');
INSERT INTO `xxl_job_log` VALUES ('58', '1', '6', 'http://192.168.236.1:9999/', 'sendJobHandler', '555', null, '0', '2021-09-10 16:51:00', '200', '任务触发类型：Cron触发<br>调度机器：192.168.236.1<br>执行器-注册方式：自动注册<br>执行器-地址列表：[http://192.168.236.1:9999/]<br>路由策略：第一个<br>阻塞处理策略：单机串行<br>任务超时时间：0<br>失败重试次数：0<br><br><span style=\"color:#00c0ef;\" > >>>>>>>>>>>触发调度<<<<<<<<<<< </span><br>触发调度：<br>address：http://192.168.236.1:9999/<br>code：200<br>msg：null', '2021-09-10 16:51:00', '200', '', '0');
INSERT INTO `xxl_job_log` VALUES ('59', '1', '4', 'http://192.168.236.1:9999/', 'sendJobHandler', '333', null, '0', '2021-09-10 16:51:00', '200', '任务触发类型：Cron触发<br>调度机器：192.168.236.1<br>执行器-注册方式：自动注册<br>执行器-地址列表：[http://192.168.236.1:9999/]<br>路由策略：第一个<br>阻塞处理策略：单机串行<br>任务超时时间：0<br>失败重试次数：0<br><br><span style=\"color:#00c0ef;\" > >>>>>>>>>>>触发调度<<<<<<<<<<< </span><br>触发调度：<br>address：http://192.168.236.1:9999/<br>code：200<br>msg：null', '2021-09-10 16:51:00', '200', '', '0');
INSERT INTO `xxl_job_log` VALUES ('60', '1', '6', 'http://192.168.236.1:9999/', 'sendJobHandler', '555', null, '0', '2021-09-10 16:52:00', '200', '任务触发类型：Cron触发<br>调度机器：192.168.236.1<br>执行器-注册方式：自动注册<br>执行器-地址列表：[http://192.168.236.1:9999/]<br>路由策略：第一个<br>阻塞处理策略：单机串行<br>任务超时时间：0<br>失败重试次数：0<br><br><span style=\"color:#00c0ef;\" > >>>>>>>>>>>触发调度<<<<<<<<<<< </span><br>触发调度：<br>address：http://192.168.236.1:9999/<br>code：200<br>msg：null', '2021-09-10 16:52:00', '200', '', '0');
INSERT INTO `xxl_job_log` VALUES ('61', '1', '5', 'http://192.168.236.1:9999/', 'sendJobHandler', '444', null, '0', '2021-09-10 16:52:00', '200', '任务触发类型：Cron触发<br>调度机器：192.168.236.1<br>执行器-注册方式：自动注册<br>执行器-地址列表：[http://192.168.236.1:9999/]<br>路由策略：第一个<br>阻塞处理策略：单机串行<br>任务超时时间：0<br>失败重试次数：0<br><br><span style=\"color:#00c0ef;\" > >>>>>>>>>>>触发调度<<<<<<<<<<< </span><br>触发调度：<br>address：http://192.168.236.1:9999/<br>code：200<br>msg：null', '2021-09-10 16:52:00', '200', '', '0');
INSERT INTO `xxl_job_log` VALUES ('62', '1', '4', 'http://192.168.236.1:9999/', 'sendJobHandler', '333', null, '0', '2021-09-10 16:52:00', '200', '任务触发类型：Cron触发<br>调度机器：192.168.236.1<br>执行器-注册方式：自动注册<br>执行器-地址列表：[http://192.168.236.1:9999/]<br>路由策略：第一个<br>阻塞处理策略：单机串行<br>任务超时时间：0<br>失败重试次数：0<br><br><span style=\"color:#00c0ef;\" > >>>>>>>>>>>触发调度<<<<<<<<<<< </span><br>触发调度：<br>address：http://192.168.236.1:9999/<br>code：200<br>msg：null', '2021-09-10 16:52:00', '200', '', '0');
INSERT INTO `xxl_job_log` VALUES ('63', '1', '5', 'http://192.168.236.1:9999/', 'sendJobHandler', '444', null, '0', '2021-09-10 16:53:00', '200', '任务触发类型：Cron触发<br>调度机器：192.168.236.1<br>执行器-注册方式：自动注册<br>执行器-地址列表：[http://192.168.236.1:9999/]<br>路由策略：第一个<br>阻塞处理策略：单机串行<br>任务超时时间：0<br>失败重试次数：0<br><br><span style=\"color:#00c0ef;\" > >>>>>>>>>>>触发调度<<<<<<<<<<< </span><br>触发调度：<br>address：http://192.168.236.1:9999/<br>code：200<br>msg：null', '2021-09-10 16:53:00', '200', '', '0');
INSERT INTO `xxl_job_log` VALUES ('64', '1', '6', 'http://192.168.236.1:9999/', 'sendJobHandler', '555', null, '0', '2021-09-10 16:53:00', '200', '任务触发类型：Cron触发<br>调度机器：192.168.236.1<br>执行器-注册方式：自动注册<br>执行器-地址列表：[http://192.168.236.1:9999/]<br>路由策略：第一个<br>阻塞处理策略：单机串行<br>任务超时时间：0<br>失败重试次数：0<br><br><span style=\"color:#00c0ef;\" > >>>>>>>>>>>触发调度<<<<<<<<<<< </span><br>触发调度：<br>address：http://192.168.236.1:9999/<br>code：200<br>msg：null', '2021-09-10 16:53:00', '200', '', '0');
INSERT INTO `xxl_job_log` VALUES ('65', '1', '4', 'http://192.168.236.1:9999/', 'sendJobHandler', '333', null, '0', '2021-09-10 16:53:00', '200', '任务触发类型：Cron触发<br>调度机器：192.168.236.1<br>执行器-注册方式：自动注册<br>执行器-地址列表：[http://192.168.236.1:9999/]<br>路由策略：第一个<br>阻塞处理策略：单机串行<br>任务超时时间：0<br>失败重试次数：0<br><br><span style=\"color:#00c0ef;\" > >>>>>>>>>>>触发调度<<<<<<<<<<< </span><br>触发调度：<br>address：http://192.168.236.1:9999/<br>code：200<br>msg：null', '2021-09-10 16:53:00', '200', '', '0');
INSERT INTO `xxl_job_log` VALUES ('66', '1', '4', 'http://192.168.236.1:9999/', 'sendJobHandler', '333', null, '0', '2021-09-10 16:54:00', '200', '任务触发类型：Cron触发<br>调度机器：192.168.236.1<br>执行器-注册方式：自动注册<br>执行器-地址列表：[http://192.168.236.1:9999/]<br>路由策略：第一个<br>阻塞处理策略：单机串行<br>任务超时时间：0<br>失败重试次数：0<br><br><span style=\"color:#00c0ef;\" > >>>>>>>>>>>触发调度<<<<<<<<<<< </span><br>触发调度：<br>address：http://192.168.236.1:9999/<br>code：200<br>msg：null', '2021-09-10 16:54:00', '200', '', '0');
INSERT INTO `xxl_job_log` VALUES ('67', '1', '5', 'http://192.168.236.1:9999/', 'sendJobHandler', '444', null, '0', '2021-09-10 16:54:00', '200', '任务触发类型：Cron触发<br>调度机器：192.168.236.1<br>执行器-注册方式：自动注册<br>执行器-地址列表：[http://192.168.236.1:9999/]<br>路由策略：第一个<br>阻塞处理策略：单机串行<br>任务超时时间：0<br>失败重试次数：0<br><br><span style=\"color:#00c0ef;\" > >>>>>>>>>>>触发调度<<<<<<<<<<< </span><br>触发调度：<br>address：http://192.168.236.1:9999/<br>code：200<br>msg：null', '2021-09-10 16:54:00', '200', '', '0');
INSERT INTO `xxl_job_log` VALUES ('68', '1', '6', 'http://192.168.236.1:9999/', 'sendJobHandler', '555', null, '0', '2021-09-10 16:54:00', '200', '任务触发类型：Cron触发<br>调度机器：192.168.236.1<br>执行器-注册方式：自动注册<br>执行器-地址列表：[http://192.168.236.1:9999/]<br>路由策略：第一个<br>阻塞处理策略：单机串行<br>任务超时时间：0<br>失败重试次数：0<br><br><span style=\"color:#00c0ef;\" > >>>>>>>>>>>触发调度<<<<<<<<<<< </span><br>触发调度：<br>address：http://192.168.236.1:9999/<br>code：200<br>msg：null', '2021-09-10 16:54:00', '200', '', '0');
INSERT INTO `xxl_job_log` VALUES ('69', '1', '5', 'http://192.168.236.1:9999/', 'sendJobHandler', '444', null, '0', '2021-09-10 16:55:00', '200', '任务触发类型：Cron触发<br>调度机器：192.168.236.1<br>执行器-注册方式：自动注册<br>执行器-地址列表：[http://192.168.236.1:9999/]<br>路由策略：第一个<br>阻塞处理策略：单机串行<br>任务超时时间：0<br>失败重试次数：0<br><br><span style=\"color:#00c0ef;\" > >>>>>>>>>>>触发调度<<<<<<<<<<< </span><br>触发调度：<br>address：http://192.168.236.1:9999/<br>code：200<br>msg：null', '2021-09-10 16:55:00', '200', '', '0');
INSERT INTO `xxl_job_log` VALUES ('70', '1', '6', 'http://192.168.236.1:9999/', 'sendJobHandler', '555', null, '0', '2021-09-10 16:55:00', '200', '任务触发类型：Cron触发<br>调度机器：192.168.236.1<br>执行器-注册方式：自动注册<br>执行器-地址列表：[http://192.168.236.1:9999/]<br>路由策略：第一个<br>阻塞处理策略：单机串行<br>任务超时时间：0<br>失败重试次数：0<br><br><span style=\"color:#00c0ef;\" > >>>>>>>>>>>触发调度<<<<<<<<<<< </span><br>触发调度：<br>address：http://192.168.236.1:9999/<br>code：200<br>msg：null', '2021-09-10 16:55:00', '200', '', '0');
INSERT INTO `xxl_job_log` VALUES ('71', '1', '4', 'http://192.168.236.1:9999/', 'sendJobHandler', '333', null, '0', '2021-09-10 16:55:00', '200', '任务触发类型：Cron触发<br>调度机器：192.168.236.1<br>执行器-注册方式：自动注册<br>执行器-地址列表：[http://192.168.236.1:9999/]<br>路由策略：第一个<br>阻塞处理策略：单机串行<br>任务超时时间：0<br>失败重试次数：0<br><br><span style=\"color:#00c0ef;\" > >>>>>>>>>>>触发调度<<<<<<<<<<< </span><br>触发调度：<br>address：http://192.168.236.1:9999/<br>code：200<br>msg：null', '2021-09-10 16:55:00', '200', '', '0');
INSERT INTO `xxl_job_log` VALUES ('72', '1', '5', 'http://192.168.236.1:9999/', 'sendJobHandler', '444', null, '0', '2021-09-10 16:56:00', '200', '任务触发类型：Cron触发<br>调度机器：192.168.236.1<br>执行器-注册方式：自动注册<br>执行器-地址列表：[http://192.168.236.1:9999/]<br>路由策略：第一个<br>阻塞处理策略：单机串行<br>任务超时时间：0<br>失败重试次数：0<br><br><span style=\"color:#00c0ef;\" > >>>>>>>>>>>触发调度<<<<<<<<<<< </span><br>触发调度：<br>address：http://192.168.236.1:9999/<br>code：200<br>msg：null', '2021-09-10 16:56:00', '200', '', '0');
INSERT INTO `xxl_job_log` VALUES ('73', '1', '4', 'http://192.168.236.1:9999/', 'sendJobHandler', '333', null, '0', '2021-09-10 16:56:00', '200', '任务触发类型：Cron触发<br>调度机器：192.168.236.1<br>执行器-注册方式：自动注册<br>执行器-地址列表：[http://192.168.236.1:9999/]<br>路由策略：第一个<br>阻塞处理策略：单机串行<br>任务超时时间：0<br>失败重试次数：0<br><br><span style=\"color:#00c0ef;\" > >>>>>>>>>>>触发调度<<<<<<<<<<< </span><br>触发调度：<br>address：http://192.168.236.1:9999/<br>code：200<br>msg：null', '2021-09-10 16:56:00', '200', '', '0');
INSERT INTO `xxl_job_log` VALUES ('74', '1', '6', 'http://192.168.236.1:9999/', 'sendJobHandler', '555', null, '0', '2021-09-10 16:56:00', '200', '任务触发类型：Cron触发<br>调度机器：192.168.236.1<br>执行器-注册方式：自动注册<br>执行器-地址列表：[http://192.168.236.1:9999/]<br>路由策略：第一个<br>阻塞处理策略：单机串行<br>任务超时时间：0<br>失败重试次数：0<br><br><span style=\"color:#00c0ef;\" > >>>>>>>>>>>触发调度<<<<<<<<<<< </span><br>触发调度：<br>address：http://192.168.236.1:9999/<br>code：200<br>msg：null', '2021-09-10 16:56:00', '200', '', '0');
INSERT INTO `xxl_job_log` VALUES ('75', '1', '6', 'http://192.168.236.1:9999/', 'sendJobHandler', '555', null, '0', '2021-09-10 16:57:00', '200', '任务触发类型：Cron触发<br>调度机器：192.168.236.1<br>执行器-注册方式：自动注册<br>执行器-地址列表：[http://192.168.236.1:9999/]<br>路由策略：第一个<br>阻塞处理策略：单机串行<br>任务超时时间：0<br>失败重试次数：0<br><br><span style=\"color:#00c0ef;\" > >>>>>>>>>>>触发调度<<<<<<<<<<< </span><br>触发调度：<br>address：http://192.168.236.1:9999/<br>code：200<br>msg：null', '2021-09-10 16:57:00', '200', '', '0');
INSERT INTO `xxl_job_log` VALUES ('76', '1', '5', 'http://192.168.236.1:9999/', 'sendJobHandler', '444', null, '0', '2021-09-10 16:57:00', '200', '任务触发类型：Cron触发<br>调度机器：192.168.236.1<br>执行器-注册方式：自动注册<br>执行器-地址列表：[http://192.168.236.1:9999/]<br>路由策略：第一个<br>阻塞处理策略：单机串行<br>任务超时时间：0<br>失败重试次数：0<br><br><span style=\"color:#00c0ef;\" > >>>>>>>>>>>触发调度<<<<<<<<<<< </span><br>触发调度：<br>address：http://192.168.236.1:9999/<br>code：200<br>msg：null', '2021-09-10 16:57:00', '200', '', '0');
INSERT INTO `xxl_job_log` VALUES ('77', '1', '4', 'http://192.168.236.1:9999/', 'sendJobHandler', '333', null, '0', '2021-09-10 16:57:00', '200', '任务触发类型：Cron触发<br>调度机器：192.168.236.1<br>执行器-注册方式：自动注册<br>执行器-地址列表：[http://192.168.236.1:9999/]<br>路由策略：第一个<br>阻塞处理策略：单机串行<br>任务超时时间：0<br>失败重试次数：0<br><br><span style=\"color:#00c0ef;\" > >>>>>>>>>>>触发调度<<<<<<<<<<< </span><br>触发调度：<br>address：http://192.168.236.1:9999/<br>code：200<br>msg：null', '2021-09-10 16:57:00', '200', '', '0');
INSERT INTO `xxl_job_log` VALUES ('78', '1', '5', 'http://192.168.236.1:9999/', 'sendJobHandler', '444', null, '0', '2021-09-10 16:58:00', '200', '任务触发类型：Cron触发<br>调度机器：192.168.236.1<br>执行器-注册方式：自动注册<br>执行器-地址列表：[http://192.168.236.1:9999/]<br>路由策略：第一个<br>阻塞处理策略：单机串行<br>任务超时时间：0<br>失败重试次数：0<br><br><span style=\"color:#00c0ef;\" > >>>>>>>>>>>触发调度<<<<<<<<<<< </span><br>触发调度：<br>address：http://192.168.236.1:9999/<br>code：200<br>msg：null', '2021-09-10 16:58:00', '200', '', '0');
INSERT INTO `xxl_job_log` VALUES ('79', '1', '4', 'http://192.168.236.1:9999/', 'sendJobHandler', '333', null, '0', '2021-09-10 16:58:00', '200', '任务触发类型：Cron触发<br>调度机器：192.168.236.1<br>执行器-注册方式：自动注册<br>执行器-地址列表：[http://192.168.236.1:9999/]<br>路由策略：第一个<br>阻塞处理策略：单机串行<br>任务超时时间：0<br>失败重试次数：0<br><br><span style=\"color:#00c0ef;\" > >>>>>>>>>>>触发调度<<<<<<<<<<< </span><br>触发调度：<br>address：http://192.168.236.1:9999/<br>code：200<br>msg：null', '2021-09-10 16:58:00', '200', '', '0');
INSERT INTO `xxl_job_log` VALUES ('80', '1', '6', 'http://192.168.236.1:9999/', 'sendJobHandler', '555', null, '0', '2021-09-10 16:58:00', '200', '任务触发类型：Cron触发<br>调度机器：192.168.236.1<br>执行器-注册方式：自动注册<br>执行器-地址列表：[http://192.168.236.1:9999/]<br>路由策略：第一个<br>阻塞处理策略：单机串行<br>任务超时时间：0<br>失败重试次数：0<br><br><span style=\"color:#00c0ef;\" > >>>>>>>>>>>触发调度<<<<<<<<<<< </span><br>触发调度：<br>address：http://192.168.236.1:9999/<br>code：200<br>msg：null', '2021-09-10 16:58:00', '200', '', '0');
INSERT INTO `xxl_job_log` VALUES ('81', '1', '5', 'http://192.168.236.1:9999/', 'sendJobHandler', '444', null, '0', '2021-09-10 16:59:00', '200', '任务触发类型：Cron触发<br>调度机器：192.168.236.1<br>执行器-注册方式：自动注册<br>执行器-地址列表：[http://192.168.236.1:9999/]<br>路由策略：第一个<br>阻塞处理策略：单机串行<br>任务超时时间：0<br>失败重试次数：0<br><br><span style=\"color:#00c0ef;\" > >>>>>>>>>>>触发调度<<<<<<<<<<< </span><br>触发调度：<br>address：http://192.168.236.1:9999/<br>code：200<br>msg：null', '2021-09-10 16:59:00', '200', '', '0');
INSERT INTO `xxl_job_log` VALUES ('82', '1', '6', 'http://192.168.236.1:9999/', 'sendJobHandler', '555', null, '0', '2021-09-10 16:59:00', '200', '任务触发类型：Cron触发<br>调度机器：192.168.236.1<br>执行器-注册方式：自动注册<br>执行器-地址列表：[http://192.168.236.1:9999/]<br>路由策略：第一个<br>阻塞处理策略：单机串行<br>任务超时时间：0<br>失败重试次数：0<br><br><span style=\"color:#00c0ef;\" > >>>>>>>>>>>触发调度<<<<<<<<<<< </span><br>触发调度：<br>address：http://192.168.236.1:9999/<br>code：200<br>msg：null', '2021-09-10 16:59:00', '200', '', '0');
INSERT INTO `xxl_job_log` VALUES ('83', '1', '6', 'http://192.168.236.1:9999/', 'sendJobHandler', '555', null, '0', '2021-09-10 17:00:00', '200', '任务触发类型：Cron触发<br>调度机器：192.168.236.1<br>执行器-注册方式：自动注册<br>执行器-地址列表：[http://192.168.236.1:9999/]<br>路由策略：第一个<br>阻塞处理策略：单机串行<br>任务超时时间：0<br>失败重试次数：0<br><br><span style=\"color:#00c0ef;\" > >>>>>>>>>>>触发调度<<<<<<<<<<< </span><br>触发调度：<br>address：http://192.168.236.1:9999/<br>code：200<br>msg：null', '2021-09-10 17:00:00', '200', '', '0');
INSERT INTO `xxl_job_log` VALUES ('84', '1', '6', 'http://192.168.236.1:9999/', 'sendJobHandler', '555', null, '0', '2021-09-10 17:01:00', '200', '任务触发类型：Cron触发<br>调度机器：192.168.236.1<br>执行器-注册方式：自动注册<br>执行器-地址列表：[http://192.168.236.1:9999/]<br>路由策略：第一个<br>阻塞处理策略：单机串行<br>任务超时时间：0<br>失败重试次数：0<br><br><span style=\"color:#00c0ef;\" > >>>>>>>>>>>触发调度<<<<<<<<<<< </span><br>触发调度：<br>address：http://192.168.236.1:9999/<br>code：200<br>msg：null', '2021-09-10 17:01:00', '200', '', '0');
INSERT INTO `xxl_job_log` VALUES ('85', '1', '6', 'http://192.168.236.1:9999/', 'sendJobHandler', '555', null, '0', '2021-09-10 17:02:00', '200', '任务触发类型：Cron触发<br>调度机器：192.168.236.1<br>执行器-注册方式：自动注册<br>执行器-地址列表：[http://192.168.236.1:9999/]<br>路由策略：第一个<br>阻塞处理策略：单机串行<br>任务超时时间：0<br>失败重试次数：0<br><br><span style=\"color:#00c0ef;\" > >>>>>>>>>>>触发调度<<<<<<<<<<< </span><br>触发调度：<br>address：http://192.168.236.1:9999/<br>code：200<br>msg：null', '2021-09-10 17:02:00', '200', '', '0');
INSERT INTO `xxl_job_log` VALUES ('86', '1', '6', 'http://192.168.236.1:9999/', 'sendJobHandler', '555', null, '0', '2021-09-10 17:03:00', '200', '任务触发类型：Cron触发<br>调度机器：192.168.236.1<br>执行器-注册方式：自动注册<br>执行器-地址列表：[http://192.168.236.1:9999/]<br>路由策略：第一个<br>阻塞处理策略：单机串行<br>任务超时时间：0<br>失败重试次数：0<br><br><span style=\"color:#00c0ef;\" > >>>>>>>>>>>触发调度<<<<<<<<<<< </span><br>触发调度：<br>address：http://192.168.236.1:9999/<br>code：200<br>msg：null', '2021-09-10 17:03:00', '200', '', '0');
INSERT INTO `xxl_job_log` VALUES ('87', '1', '6', 'http://192.168.236.1:9999/', 'sendJobHandler', '555', null, '0', '2021-09-10 17:04:00', '200', '任务触发类型：Cron触发<br>调度机器：192.168.236.1<br>执行器-注册方式：自动注册<br>执行器-地址列表：[http://192.168.236.1:9999/]<br>路由策略：第一个<br>阻塞处理策略：单机串行<br>任务超时时间：0<br>失败重试次数：0<br><br><span style=\"color:#00c0ef;\" > >>>>>>>>>>>触发调度<<<<<<<<<<< </span><br>触发调度：<br>address：http://192.168.236.1:9999/<br>code：200<br>msg：null', '2021-09-10 17:04:00', '200', '', '0');
INSERT INTO `xxl_job_log` VALUES ('88', '1', '4', 'http://192.168.236.1:9999/', 'sendJobHandler', '333', null, '0', '2021-09-10 17:05:00', '200', '任务触发类型：Cron触发<br>调度机器：192.168.236.1<br>执行器-注册方式：自动注册<br>执行器-地址列表：[http://192.168.236.1:9999/]<br>路由策略：第一个<br>阻塞处理策略：单机串行<br>任务超时时间：0<br>失败重试次数：0<br><br><span style=\"color:#00c0ef;\" > >>>>>>>>>>>触发调度<<<<<<<<<<< </span><br>触发调度：<br>address：http://192.168.236.1:9999/<br>code：200<br>msg：null', '2021-09-10 17:05:00', '200', '', '0');
INSERT INTO `xxl_job_log` VALUES ('89', '1', '5', 'http://192.168.236.1:9999/', 'sendJobHandler', '444', null, '0', '2021-09-10 17:05:00', '200', '任务触发类型：Cron触发<br>调度机器：192.168.236.1<br>执行器-注册方式：自动注册<br>执行器-地址列表：[http://192.168.236.1:9999/]<br>路由策略：第一个<br>阻塞处理策略：单机串行<br>任务超时时间：0<br>失败重试次数：0<br><br><span style=\"color:#00c0ef;\" > >>>>>>>>>>>触发调度<<<<<<<<<<< </span><br>触发调度：<br>address：http://192.168.236.1:9999/<br>code：200<br>msg：null', '2021-09-10 17:05:00', '200', '', '0');
INSERT INTO `xxl_job_log` VALUES ('90', '1', '6', 'http://192.168.236.1:9999/', 'sendJobHandler', '555', null, '0', '2021-09-10 17:05:00', '200', '任务触发类型：Cron触发<br>调度机器：192.168.236.1<br>执行器-注册方式：自动注册<br>执行器-地址列表：[http://192.168.236.1:9999/]<br>路由策略：第一个<br>阻塞处理策略：单机串行<br>任务超时时间：0<br>失败重试次数：0<br><br><span style=\"color:#00c0ef;\" > >>>>>>>>>>>触发调度<<<<<<<<<<< </span><br>触发调度：<br>address：http://192.168.236.1:9999/<br>code：200<br>msg：null', '2021-09-10 17:05:00', '200', '', '0');
INSERT INTO `xxl_job_log` VALUES ('91', '1', '4', 'http://192.168.236.1:9999/', 'sendJobHandler', '333', null, '0', '2021-09-10 17:06:00', '200', '任务触发类型：Cron触发<br>调度机器：192.168.236.1<br>执行器-注册方式：自动注册<br>执行器-地址列表：[http://192.168.236.1:9999/]<br>路由策略：第一个<br>阻塞处理策略：单机串行<br>任务超时时间：0<br>失败重试次数：0<br><br><span style=\"color:#00c0ef;\" > >>>>>>>>>>>触发调度<<<<<<<<<<< </span><br>触发调度：<br>address：http://192.168.236.1:9999/<br>code：200<br>msg：null', '2021-09-10 17:06:00', '200', '', '0');
INSERT INTO `xxl_job_log` VALUES ('92', '1', '5', 'http://192.168.236.1:9999/', 'sendJobHandler', '444', null, '0', '2021-09-10 17:06:00', '200', '任务触发类型：Cron触发<br>调度机器：192.168.236.1<br>执行器-注册方式：自动注册<br>执行器-地址列表：[http://192.168.236.1:9999/]<br>路由策略：第一个<br>阻塞处理策略：单机串行<br>任务超时时间：0<br>失败重试次数：0<br><br><span style=\"color:#00c0ef;\" > >>>>>>>>>>>触发调度<<<<<<<<<<< </span><br>触发调度：<br>address：http://192.168.236.1:9999/<br>code：200<br>msg：null', '2021-09-10 17:06:00', '200', '', '0');
INSERT INTO `xxl_job_log` VALUES ('93', '1', '6', 'http://192.168.236.1:9999/', 'sendJobHandler', '555', null, '0', '2021-09-10 17:06:00', '200', '任务触发类型：Cron触发<br>调度机器：192.168.236.1<br>执行器-注册方式：自动注册<br>执行器-地址列表：[http://192.168.236.1:9999/]<br>路由策略：第一个<br>阻塞处理策略：单机串行<br>任务超时时间：0<br>失败重试次数：0<br><br><span style=\"color:#00c0ef;\" > >>>>>>>>>>>触发调度<<<<<<<<<<< </span><br>触发调度：<br>address：http://192.168.236.1:9999/<br>code：200<br>msg：null', '2021-09-10 17:06:00', '200', '', '0');
INSERT INTO `xxl_job_log` VALUES ('94', '1', '5', 'http://192.168.236.1:9999/', 'sendJobHandler', '444', null, '0', '2021-09-10 17:07:00', '200', '任务触发类型：Cron触发<br>调度机器：192.168.236.1<br>执行器-注册方式：自动注册<br>执行器-地址列表：[http://192.168.236.1:9999/]<br>路由策略：第一个<br>阻塞处理策略：单机串行<br>任务超时时间：0<br>失败重试次数：0<br><br><span style=\"color:#00c0ef;\" > >>>>>>>>>>>触发调度<<<<<<<<<<< </span><br>触发调度：<br>address：http://192.168.236.1:9999/<br>code：200<br>msg：null', '2021-09-10 17:07:00', '200', '', '0');
INSERT INTO `xxl_job_log` VALUES ('95', '1', '4', 'http://192.168.236.1:9999/', 'sendJobHandler', '333', null, '0', '2021-09-10 17:07:00', '200', '任务触发类型：Cron触发<br>调度机器：192.168.236.1<br>执行器-注册方式：自动注册<br>执行器-地址列表：[http://192.168.236.1:9999/]<br>路由策略：第一个<br>阻塞处理策略：单机串行<br>任务超时时间：0<br>失败重试次数：0<br><br><span style=\"color:#00c0ef;\" > >>>>>>>>>>>触发调度<<<<<<<<<<< </span><br>触发调度：<br>address：http://192.168.236.1:9999/<br>code：200<br>msg：null', '2021-09-10 17:07:00', '200', '', '0');
INSERT INTO `xxl_job_log` VALUES ('96', '1', '6', 'http://192.168.236.1:9999/', 'sendJobHandler', '555', null, '0', '2021-09-10 17:07:00', '200', '任务触发类型：Cron触发<br>调度机器：192.168.236.1<br>执行器-注册方式：自动注册<br>执行器-地址列表：[http://192.168.236.1:9999/]<br>路由策略：第一个<br>阻塞处理策略：单机串行<br>任务超时时间：0<br>失败重试次数：0<br><br><span style=\"color:#00c0ef;\" > >>>>>>>>>>>触发调度<<<<<<<<<<< </span><br>触发调度：<br>address：http://192.168.236.1:9999/<br>code：200<br>msg：null', '2021-09-10 17:07:00', '200', '', '0');
INSERT INTO `xxl_job_log` VALUES ('97', '1', '4', 'http://192.168.236.1:9999/', 'sendJobHandler', '333', null, '0', '2021-09-13 16:43:00', '200', '任务触发类型：Cron触发<br>调度机器：192.168.236.1<br>执行器-注册方式：自动注册<br>执行器-地址列表：[http://192.168.236.1:9999/]<br>路由策略：第一个<br>阻塞处理策略：单机串行<br>任务超时时间：0<br>失败重试次数：0<br><br><span style=\"color:#00c0ef;\" > >>>>>>>>>>>触发调度<<<<<<<<<<< </span><br>触发调度：<br>address：http://192.168.236.1:9999/<br>code：200<br>msg：null', '2021-09-13 16:43:01', '200', '', '0');
INSERT INTO `xxl_job_log` VALUES ('98', '1', '4', 'http://192.168.236.1:9999/', 'sendJobHandler', '333', null, '0', '2021-09-13 16:44:00', '200', '任务触发类型：Cron触发<br>调度机器：192.168.236.1<br>执行器-注册方式：自动注册<br>执行器-地址列表：[http://192.168.236.1:9999/]<br>路由策略：第一个<br>阻塞处理策略：单机串行<br>任务超时时间：0<br>失败重试次数：0<br><br><span style=\"color:#00c0ef;\" > >>>>>>>>>>>触发调度<<<<<<<<<<< </span><br>触发调度：<br>address：http://192.168.236.1:9999/<br>code：200<br>msg：null', '2021-09-13 16:44:00', '200', '', '0');
INSERT INTO `xxl_job_log` VALUES ('99', '1', '4', 'http://192.168.236.1:9999/', 'sendJobHandler', '333', null, '0', '2021-09-13 16:45:00', '200', '任务触发类型：Cron触发<br>调度机器：192.168.236.1<br>执行器-注册方式：自动注册<br>执行器-地址列表：[http://192.168.236.1:9999/]<br>路由策略：第一个<br>阻塞处理策略：单机串行<br>任务超时时间：0<br>失败重试次数：0<br><br><span style=\"color:#00c0ef;\" > >>>>>>>>>>>触发调度<<<<<<<<<<< </span><br>触发调度：<br>address：http://192.168.236.1:9999/<br>code：200<br>msg：null', '2021-09-13 16:45:00', '200', '', '0');
INSERT INTO `xxl_job_log` VALUES ('100', '1', '4', 'http://192.168.236.1:9999/', 'sendJobHandler', '333', null, '0', '2021-09-13 16:46:00', '200', '任务触发类型：Cron触发<br>调度机器：192.168.236.1<br>执行器-注册方式：自动注册<br>执行器-地址列表：[http://192.168.236.1:9999/]<br>路由策略：第一个<br>阻塞处理策略：单机串行<br>任务超时时间：0<br>失败重试次数：0<br><br><span style=\"color:#00c0ef;\" > >>>>>>>>>>>触发调度<<<<<<<<<<< </span><br>触发调度：<br>address：http://192.168.236.1:9999/<br>code：200<br>msg：null', '2021-09-13 16:46:00', '200', '', '0');
INSERT INTO `xxl_job_log` VALUES ('101', '1', '4', 'http://192.168.236.1:9999/', 'sendJobHandler', '333', null, '0', '2021-09-13 16:52:00', '200', '任务触发类型：Cron触发<br>调度机器：192.168.236.1<br>执行器-注册方式：自动注册<br>执行器-地址列表：[http://192.168.236.1:9999/]<br>路由策略：第一个<br>阻塞处理策略：单机串行<br>任务超时时间：0<br>失败重试次数：0<br><br><span style=\"color:#00c0ef;\" > >>>>>>>>>>>触发调度<<<<<<<<<<< </span><br>触发调度：<br>address：http://192.168.236.1:9999/<br>code：200<br>msg：null', '2021-09-13 16:52:00', '200', '', '0');
INSERT INTO `xxl_job_log` VALUES ('102', '1', '5', 'http://192.168.236.1:9999/', 'sendJobHandler', '444', null, '0', '2021-09-13 16:52:00', '200', '任务触发类型：Cron触发<br>调度机器：192.168.236.1<br>执行器-注册方式：自动注册<br>执行器-地址列表：[http://192.168.236.1:9999/]<br>路由策略：第一个<br>阻塞处理策略：单机串行<br>任务超时时间：0<br>失败重试次数：0<br><br><span style=\"color:#00c0ef;\" > >>>>>>>>>>>触发调度<<<<<<<<<<< </span><br>触发调度：<br>address：http://192.168.236.1:9999/<br>code：200<br>msg：null', '2021-09-13 16:52:00', '200', '', '0');
INSERT INTO `xxl_job_log` VALUES ('103', '1', '4', 'http://192.168.236.1:9999/', 'sendJobHandler', '333', null, '0', '2021-09-13 16:53:00', '200', '任务触发类型：Cron触发<br>调度机器：192.168.236.1<br>执行器-注册方式：自动注册<br>执行器-地址列表：[http://192.168.236.1:9999/]<br>路由策略：第一个<br>阻塞处理策略：单机串行<br>任务超时时间：0<br>失败重试次数：0<br><br><span style=\"color:#00c0ef;\" > >>>>>>>>>>>触发调度<<<<<<<<<<< </span><br>触发调度：<br>address：http://192.168.236.1:9999/<br>code：200<br>msg：null', '2021-09-13 16:53:00', '200', '', '0');
INSERT INTO `xxl_job_log` VALUES ('104', '1', '5', 'http://192.168.236.1:9999/', 'sendJobHandler', '444', null, '0', '2021-09-13 16:53:00', '200', '任务触发类型：Cron触发<br>调度机器：192.168.236.1<br>执行器-注册方式：自动注册<br>执行器-地址列表：[http://192.168.236.1:9999/]<br>路由策略：第一个<br>阻塞处理策略：单机串行<br>任务超时时间：0<br>失败重试次数：0<br><br><span style=\"color:#00c0ef;\" > >>>>>>>>>>>触发调度<<<<<<<<<<< </span><br>触发调度：<br>address：http://192.168.236.1:9999/<br>code：200<br>msg：null', '2021-09-13 16:53:00', '200', '', '0');
INSERT INTO `xxl_job_log` VALUES ('105', '1', '5', 'http://192.168.236.1:9999/', 'sendJobHandler', '444', null, '0', '2021-09-13 16:54:00', '200', '任务触发类型：Cron触发<br>调度机器：192.168.236.1<br>执行器-注册方式：自动注册<br>执行器-地址列表：[http://192.168.236.1:9999/]<br>路由策略：第一个<br>阻塞处理策略：单机串行<br>任务超时时间：0<br>失败重试次数：0<br><br><span style=\"color:#00c0ef;\" > >>>>>>>>>>>触发调度<<<<<<<<<<< </span><br>触发调度：<br>address：http://192.168.236.1:9999/<br>code：200<br>msg：null', '2021-09-13 16:54:00', '200', '', '0');
INSERT INTO `xxl_job_log` VALUES ('106', '1', '4', 'http://192.168.236.1:9999/', 'sendJobHandler', '333', null, '0', '2021-09-13 16:54:00', '200', '任务触发类型：Cron触发<br>调度机器：192.168.236.1<br>执行器-注册方式：自动注册<br>执行器-地址列表：[http://192.168.236.1:9999/]<br>路由策略：第一个<br>阻塞处理策略：单机串行<br>任务超时时间：0<br>失败重试次数：0<br><br><span style=\"color:#00c0ef;\" > >>>>>>>>>>>触发调度<<<<<<<<<<< </span><br>触发调度：<br>address：http://192.168.236.1:9999/<br>code：200<br>msg：null', '2021-09-13 16:54:00', '200', '', '0');
INSERT INTO `xxl_job_log` VALUES ('107', '1', '4', 'http://192.168.236.1:9999/', 'sendJobHandler', '333', null, '0', '2021-09-13 16:55:00', '200', '任务触发类型：Cron触发<br>调度机器：192.168.236.1<br>执行器-注册方式：自动注册<br>执行器-地址列表：[http://192.168.236.1:9999/]<br>路由策略：第一个<br>阻塞处理策略：单机串行<br>任务超时时间：0<br>失败重试次数：0<br><br><span style=\"color:#00c0ef;\" > >>>>>>>>>>>触发调度<<<<<<<<<<< </span><br>触发调度：<br>address：http://192.168.236.1:9999/<br>code：200<br>msg：null', '2021-09-13 16:55:00', '200', '', '0');
INSERT INTO `xxl_job_log` VALUES ('108', '1', '5', 'http://192.168.236.1:9999/', 'sendJobHandler', '444', null, '0', '2021-09-13 16:55:00', '200', '任务触发类型：Cron触发<br>调度机器：192.168.236.1<br>执行器-注册方式：自动注册<br>执行器-地址列表：[http://192.168.236.1:9999/]<br>路由策略：第一个<br>阻塞处理策略：单机串行<br>任务超时时间：0<br>失败重试次数：0<br><br><span style=\"color:#00c0ef;\" > >>>>>>>>>>>触发调度<<<<<<<<<<< </span><br>触发调度：<br>address：http://192.168.236.1:9999/<br>code：200<br>msg：null', '2021-09-13 16:55:00', '200', '', '0');
INSERT INTO `xxl_job_log` VALUES ('109', '1', '5', 'http://192.168.236.1:9999/', 'sendJobHandler', '444', null, '0', '2021-09-13 16:56:00', '200', '任务触发类型：Cron触发<br>调度机器：192.168.236.1<br>执行器-注册方式：自动注册<br>执行器-地址列表：[http://192.168.236.1:9999/]<br>路由策略：第一个<br>阻塞处理策略：单机串行<br>任务超时时间：0<br>失败重试次数：0<br><br><span style=\"color:#00c0ef;\" > >>>>>>>>>>>触发调度<<<<<<<<<<< </span><br>触发调度：<br>address：http://192.168.236.1:9999/<br>code：200<br>msg：null', '2021-09-13 16:56:00', '200', '', '0');
INSERT INTO `xxl_job_log` VALUES ('110', '1', '4', 'http://192.168.236.1:9999/', 'sendJobHandler', '333', null, '0', '2021-09-13 16:56:00', '200', '任务触发类型：Cron触发<br>调度机器：192.168.236.1<br>执行器-注册方式：自动注册<br>执行器-地址列表：[http://192.168.236.1:9999/]<br>路由策略：第一个<br>阻塞处理策略：单机串行<br>任务超时时间：0<br>失败重试次数：0<br><br><span style=\"color:#00c0ef;\" > >>>>>>>>>>>触发调度<<<<<<<<<<< </span><br>触发调度：<br>address：http://192.168.236.1:9999/<br>code：200<br>msg：null', '2021-09-13 16:56:00', '200', '', '0');
INSERT INTO `xxl_job_log` VALUES ('111', '1', '4', 'http://192.168.236.1:9999/', 'sendJobHandler', '333', null, '0', '2021-09-13 16:57:00', '200', '任务触发类型：Cron触发<br>调度机器：192.168.236.1<br>执行器-注册方式：自动注册<br>执行器-地址列表：[http://192.168.236.1:9999/]<br>路由策略：第一个<br>阻塞处理策略：单机串行<br>任务超时时间：0<br>失败重试次数：0<br><br><span style=\"color:#00c0ef;\" > >>>>>>>>>>>触发调度<<<<<<<<<<< </span><br>触发调度：<br>address：http://192.168.236.1:9999/<br>code：200<br>msg：null', '2021-09-13 16:57:00', '200', '', '0');
INSERT INTO `xxl_job_log` VALUES ('112', '1', '5', 'http://192.168.236.1:9999/', 'sendJobHandler', '444', null, '0', '2021-09-13 16:57:00', '200', '任务触发类型：Cron触发<br>调度机器：192.168.236.1<br>执行器-注册方式：自动注册<br>执行器-地址列表：[http://192.168.236.1:9999/]<br>路由策略：第一个<br>阻塞处理策略：单机串行<br>任务超时时间：0<br>失败重试次数：0<br><br><span style=\"color:#00c0ef;\" > >>>>>>>>>>>触发调度<<<<<<<<<<< </span><br>触发调度：<br>address：http://192.168.236.1:9999/<br>code：200<br>msg：null', '2021-09-13 16:57:00', '200', '', '0');
INSERT INTO `xxl_job_log` VALUES ('113', '1', '4', 'http://192.168.236.1:9999/', 'sendJobHandler', '333', null, '0', '2021-09-13 16:58:00', '200', '任务触发类型：Cron触发<br>调度机器：192.168.236.1<br>执行器-注册方式：自动注册<br>执行器-地址列表：[http://192.168.236.1:9999/]<br>路由策略：第一个<br>阻塞处理策略：单机串行<br>任务超时时间：0<br>失败重试次数：0<br><br><span style=\"color:#00c0ef;\" > >>>>>>>>>>>触发调度<<<<<<<<<<< </span><br>触发调度：<br>address：http://192.168.236.1:9999/<br>code：200<br>msg：null', '2021-09-13 16:58:00', '200', '', '0');
INSERT INTO `xxl_job_log` VALUES ('114', '1', '5', 'http://192.168.236.1:9999/', 'sendJobHandler', '444', null, '0', '2021-09-13 16:58:00', '200', '任务触发类型：Cron触发<br>调度机器：192.168.236.1<br>执行器-注册方式：自动注册<br>执行器-地址列表：[http://192.168.236.1:9999/]<br>路由策略：第一个<br>阻塞处理策略：单机串行<br>任务超时时间：0<br>失败重试次数：0<br><br><span style=\"color:#00c0ef;\" > >>>>>>>>>>>触发调度<<<<<<<<<<< </span><br>触发调度：<br>address：http://192.168.236.1:9999/<br>code：200<br>msg：null', '2021-09-13 16:58:00', '200', '', '0');
INSERT INTO `xxl_job_log` VALUES ('115', '1', '5', 'http://192.168.236.1:9999/', 'sendJobHandler', '444', null, '0', '2021-09-13 16:59:00', '200', '任务触发类型：Cron触发<br>调度机器：192.168.236.1<br>执行器-注册方式：自动注册<br>执行器-地址列表：[http://192.168.236.1:9999/]<br>路由策略：第一个<br>阻塞处理策略：单机串行<br>任务超时时间：0<br>失败重试次数：0<br><br><span style=\"color:#00c0ef;\" > >>>>>>>>>>>触发调度<<<<<<<<<<< </span><br>触发调度：<br>address：http://192.168.236.1:9999/<br>code：200<br>msg：null', '2021-09-13 16:59:00', '200', '', '0');
INSERT INTO `xxl_job_log` VALUES ('116', '1', '4', 'http://192.168.236.1:9999/', 'sendJobHandler', '333', null, '0', '2021-09-13 16:59:00', '200', '任务触发类型：Cron触发<br>调度机器：192.168.236.1<br>执行器-注册方式：自动注册<br>执行器-地址列表：[http://192.168.236.1:9999/]<br>路由策略：第一个<br>阻塞处理策略：单机串行<br>任务超时时间：0<br>失败重试次数：0<br><br><span style=\"color:#00c0ef;\" > >>>>>>>>>>>触发调度<<<<<<<<<<< </span><br>触发调度：<br>address：http://192.168.236.1:9999/<br>code：200<br>msg：null', '2021-09-13 16:59:00', '200', '', '0');
INSERT INTO `xxl_job_log` VALUES ('117', '1', '5', 'http://192.168.236.1:9999/', 'sendJobHandler', '444', null, '0', '2021-09-13 17:00:00', '200', '任务触发类型：Cron触发<br>调度机器：192.168.236.1<br>执行器-注册方式：自动注册<br>执行器-地址列表：[http://192.168.236.1:9999/]<br>路由策略：第一个<br>阻塞处理策略：单机串行<br>任务超时时间：0<br>失败重试次数：0<br><br><span style=\"color:#00c0ef;\" > >>>>>>>>>>>触发调度<<<<<<<<<<< </span><br>触发调度：<br>address：http://192.168.236.1:9999/<br>code：200<br>msg：null', '2021-09-13 17:00:00', '200', '', '0');
INSERT INTO `xxl_job_log` VALUES ('118', '1', '4', 'http://192.168.236.1:9999/', 'sendJobHandler', '333', null, '0', '2021-09-13 17:00:00', '200', '任务触发类型：Cron触发<br>调度机器：192.168.236.1<br>执行器-注册方式：自动注册<br>执行器-地址列表：[http://192.168.236.1:9999/]<br>路由策略：第一个<br>阻塞处理策略：单机串行<br>任务超时时间：0<br>失败重试次数：0<br><br><span style=\"color:#00c0ef;\" > >>>>>>>>>>>触发调度<<<<<<<<<<< </span><br>触发调度：<br>address：http://192.168.236.1:9999/<br>code：200<br>msg：null', '2021-09-13 17:00:00', '200', '', '0');
INSERT INTO `xxl_job_log` VALUES ('119', '1', '4', 'http://192.168.236.1:9999/', 'sendJobHandler', '333', null, '0', '2021-09-13 17:01:00', '200', '任务触发类型：Cron触发<br>调度机器：192.168.236.1<br>执行器-注册方式：自动注册<br>执行器-地址列表：[http://192.168.236.1:9999/]<br>路由策略：第一个<br>阻塞处理策略：单机串行<br>任务超时时间：0<br>失败重试次数：0<br><br><span style=\"color:#00c0ef;\" > >>>>>>>>>>>触发调度<<<<<<<<<<< </span><br>触发调度：<br>address：http://192.168.236.1:9999/<br>code：200<br>msg：null', '2021-09-13 17:01:00', '500', 'java.lang.reflect.InvocationTargetException\r\n	at sun.reflect.GeneratedMethodAccessor83.invoke(Unknown Source)\r\n	at sun.reflect.DelegatingMethodAccessorImpl.invoke(DelegatingMethodAccessorImpl.java:43)\r\n	at java.lang.reflect.Method.invoke(Method.java:498)\r\n	at com.xxl.job.core.handler.impl.MethodJobHandler.execute(MethodJobHandler.java:31)\r\n	at com.xxl.job.core.thread.JobThread.run(JobThread.java:163)\r\nCaused by: java.lang.Error: Unresolved compilation problem: \n	The method triggerAlarm(List<AlarmForm>) in the type SendMsgJob is not applicable for the arguments (List<AlarmForm>, Long)\n\r\n	at cn.andata.alert.notice.jobhandler.SendMsgJob.demoJobHandler(SendMsgJob.java:50)\r\n	... 5 more\r\n', '2');
INSERT INTO `xxl_job_log` VALUES ('120', '1', '5', 'http://192.168.236.1:9999/', 'sendJobHandler', '444', null, '0', '2021-09-13 17:01:00', '200', '任务触发类型：Cron触发<br>调度机器：192.168.236.1<br>执行器-注册方式：自动注册<br>执行器-地址列表：[http://192.168.236.1:9999/]<br>路由策略：第一个<br>阻塞处理策略：单机串行<br>任务超时时间：0<br>失败重试次数：0<br><br><span style=\"color:#00c0ef;\" > >>>>>>>>>>>触发调度<<<<<<<<<<< </span><br>触发调度：<br>address：http://192.168.236.1:9999/<br>code：200<br>msg：null', '2021-09-13 17:01:00', '500', 'java.lang.reflect.InvocationTargetException\r\n	at sun.reflect.GeneratedMethodAccessor83.invoke(Unknown Source)\r\n	at sun.reflect.DelegatingMethodAccessorImpl.invoke(DelegatingMethodAccessorImpl.java:43)\r\n	at java.lang.reflect.Method.invoke(Method.java:498)\r\n	at com.xxl.job.core.handler.impl.MethodJobHandler.execute(MethodJobHandler.java:31)\r\n	at com.xxl.job.core.thread.JobThread.run(JobThread.java:163)\r\nCaused by: java.lang.Error: Unresolved compilation problem: \n	The method triggerAlarm(List<AlarmForm>) in the type SendMsgJob is not applicable for the arguments (List<AlarmForm>, Long)\n\r\n	at cn.andata.alert.notice.jobhandler.SendMsgJob.demoJobHandler(SendMsgJob.java:50)\r\n	... 5 more\r\n', '2');
INSERT INTO `xxl_job_log` VALUES ('121', '1', '5', 'http://192.168.236.1:9999/', 'sendJobHandler', '444', null, '0', '2021-09-13 17:02:00', '200', '任务触发类型：Cron触发<br>调度机器：192.168.236.1<br>执行器-注册方式：自动注册<br>执行器-地址列表：[http://192.168.236.1:9999/]<br>路由策略：第一个<br>阻塞处理策略：单机串行<br>任务超时时间：0<br>失败重试次数：0<br><br><span style=\"color:#00c0ef;\" > >>>>>>>>>>>触发调度<<<<<<<<<<< </span><br>触发调度：<br>address：http://192.168.236.1:9999/<br>code：200<br>msg：null', '2021-09-13 17:02:00', '500', 'java.lang.reflect.InvocationTargetException\r\n	at sun.reflect.GeneratedMethodAccessor83.invoke(Unknown Source)\r\n	at sun.reflect.DelegatingMethodAccessorImpl.invoke(DelegatingMethodAccessorImpl.java:43)\r\n	at java.lang.reflect.Method.invoke(Method.java:498)\r\n	at com.xxl.job.core.handler.impl.MethodJobHandler.execute(MethodJobHandler.java:31)\r\n	at com.xxl.job.core.thread.JobThread.run(JobThread.java:163)\r\nCaused by: java.lang.Error: Unresolved compilation problem: \n	The method triggerAlarm(List<AlarmForm>) in the type SendMsgJob is not applicable for the arguments (List<AlarmForm>, Long)\n\r\n	at cn.andata.alert.notice.jobhandler.SendMsgJob.demoJobHandler(SendMsgJob.java:50)\r\n	... 5 more\r\n', '2');
INSERT INTO `xxl_job_log` VALUES ('122', '1', '4', 'http://192.168.236.1:9999/', 'sendJobHandler', '333', null, '0', '2021-09-13 17:02:00', '200', '任务触发类型：Cron触发<br>调度机器：192.168.236.1<br>执行器-注册方式：自动注册<br>执行器-地址列表：[http://192.168.236.1:9999/]<br>路由策略：第一个<br>阻塞处理策略：单机串行<br>任务超时时间：0<br>失败重试次数：0<br><br><span style=\"color:#00c0ef;\" > >>>>>>>>>>>触发调度<<<<<<<<<<< </span><br>触发调度：<br>address：http://192.168.236.1:9999/<br>code：200<br>msg：null', '2021-09-13 17:02:00', '500', 'java.lang.reflect.InvocationTargetException\r\n	at sun.reflect.GeneratedMethodAccessor83.invoke(Unknown Source)\r\n	at sun.reflect.DelegatingMethodAccessorImpl.invoke(DelegatingMethodAccessorImpl.java:43)\r\n	at java.lang.reflect.Method.invoke(Method.java:498)\r\n	at com.xxl.job.core.handler.impl.MethodJobHandler.execute(MethodJobHandler.java:31)\r\n	at com.xxl.job.core.thread.JobThread.run(JobThread.java:163)\r\nCaused by: java.lang.Error: Unresolved compilation problem: \n	The method triggerAlarm(List<AlarmForm>) in the type SendMsgJob is not applicable for the arguments (List<AlarmForm>, Long)\n\r\n	at cn.andata.alert.notice.jobhandler.SendMsgJob.demoJobHandler(SendMsgJob.java:50)\r\n	... 5 more\r\n', '2');
INSERT INTO `xxl_job_log` VALUES ('123', '1', '5', 'http://192.168.236.1:9999/', 'sendJobHandler', '444', null, '0', '2021-09-13 17:03:00', '200', '任务触发类型：Cron触发<br>调度机器：192.168.236.1<br>执行器-注册方式：自动注册<br>执行器-地址列表：[http://192.168.236.1:9999/]<br>路由策略：第一个<br>阻塞处理策略：单机串行<br>任务超时时间：0<br>失败重试次数：0<br><br><span style=\"color:#00c0ef;\" > >>>>>>>>>>>触发调度<<<<<<<<<<< </span><br>触发调度：<br>address：http://192.168.236.1:9999/<br>code：200<br>msg：null', '2021-09-13 17:03:00', '500', 'java.lang.reflect.InvocationTargetException\r\n	at sun.reflect.GeneratedMethodAccessor83.invoke(Unknown Source)\r\n	at sun.reflect.DelegatingMethodAccessorImpl.invoke(DelegatingMethodAccessorImpl.java:43)\r\n	at java.lang.reflect.Method.invoke(Method.java:498)\r\n	at com.xxl.job.core.handler.impl.MethodJobHandler.execute(MethodJobHandler.java:31)\r\n	at com.xxl.job.core.thread.JobThread.run(JobThread.java:163)\r\nCaused by: java.lang.Error: Unresolved compilation problem: \n	The method triggerAlarm(List<AlarmForm>) in the type SendMsgJob is not applicable for the arguments (List<AlarmForm>, Long)\n\r\n	at cn.andata.alert.notice.jobhandler.SendMsgJob.demoJobHandler(SendMsgJob.java:50)\r\n	... 5 more\r\n', '2');
INSERT INTO `xxl_job_log` VALUES ('124', '1', '4', 'http://192.168.236.1:9999/', 'sendJobHandler', '333', null, '0', '2021-09-13 17:03:00', '200', '任务触发类型：Cron触发<br>调度机器：192.168.236.1<br>执行器-注册方式：自动注册<br>执行器-地址列表：[http://192.168.236.1:9999/]<br>路由策略：第一个<br>阻塞处理策略：单机串行<br>任务超时时间：0<br>失败重试次数：0<br><br><span style=\"color:#00c0ef;\" > >>>>>>>>>>>触发调度<<<<<<<<<<< </span><br>触发调度：<br>address：http://192.168.236.1:9999/<br>code：200<br>msg：null', '2021-09-13 17:03:00', '500', 'java.lang.reflect.InvocationTargetException\r\n	at sun.reflect.GeneratedMethodAccessor83.invoke(Unknown Source)\r\n	at sun.reflect.DelegatingMethodAccessorImpl.invoke(DelegatingMethodAccessorImpl.java:43)\r\n	at java.lang.reflect.Method.invoke(Method.java:498)\r\n	at com.xxl.job.core.handler.impl.MethodJobHandler.execute(MethodJobHandler.java:31)\r\n	at com.xxl.job.core.thread.JobThread.run(JobThread.java:163)\r\nCaused by: java.lang.Error: Unresolved compilation problem: \n	The method triggerAlarm(List<AlarmForm>) in the type SendMsgJob is not applicable for the arguments (List<AlarmForm>, Long)\n\r\n	at cn.andata.alert.notice.jobhandler.SendMsgJob.demoJobHandler(SendMsgJob.java:50)\r\n	... 5 more\r\n', '2');
INSERT INTO `xxl_job_log` VALUES ('125', '1', '5', 'http://192.168.236.1:9999/', 'sendJobHandler', '444', null, '0', '2021-09-13 17:04:00', '200', '任务触发类型：Cron触发<br>调度机器：192.168.236.1<br>执行器-注册方式：自动注册<br>执行器-地址列表：[http://192.168.236.1:9999/]<br>路由策略：第一个<br>阻塞处理策略：单机串行<br>任务超时时间：0<br>失败重试次数：0<br><br><span style=\"color:#00c0ef;\" > >>>>>>>>>>>触发调度<<<<<<<<<<< </span><br>触发调度：<br>address：http://192.168.236.1:9999/<br>code：200<br>msg：null', '2021-09-13 17:04:00', '500', 'java.lang.reflect.InvocationTargetException\r\n	at sun.reflect.GeneratedMethodAccessor83.invoke(Unknown Source)\r\n	at sun.reflect.DelegatingMethodAccessorImpl.invoke(DelegatingMethodAccessorImpl.java:43)\r\n	at java.lang.reflect.Method.invoke(Method.java:498)\r\n	at com.xxl.job.core.handler.impl.MethodJobHandler.execute(MethodJobHandler.java:31)\r\n	at com.xxl.job.core.thread.JobThread.run(JobThread.java:163)\r\nCaused by: java.lang.Error: Unresolved compilation problem: \n	The method triggerAlarm(List<AlarmForm>) in the type SendMsgJob is not applicable for the arguments (List<AlarmForm>, Long)\n\r\n	at cn.andata.alert.notice.jobhandler.SendMsgJob.demoJobHandler(SendMsgJob.java:50)\r\n	... 5 more\r\n', '2');
INSERT INTO `xxl_job_log` VALUES ('126', '1', '4', 'http://192.168.236.1:9999/', 'sendJobHandler', '333', null, '0', '2021-09-13 17:04:00', '200', '任务触发类型：Cron触发<br>调度机器：192.168.236.1<br>执行器-注册方式：自动注册<br>执行器-地址列表：[http://192.168.236.1:9999/]<br>路由策略：第一个<br>阻塞处理策略：单机串行<br>任务超时时间：0<br>失败重试次数：0<br><br><span style=\"color:#00c0ef;\" > >>>>>>>>>>>触发调度<<<<<<<<<<< </span><br>触发调度：<br>address：http://192.168.236.1:9999/<br>code：200<br>msg：null', '2021-09-13 17:04:00', '500', 'java.lang.reflect.InvocationTargetException\r\n	at sun.reflect.GeneratedMethodAccessor83.invoke(Unknown Source)\r\n	at sun.reflect.DelegatingMethodAccessorImpl.invoke(DelegatingMethodAccessorImpl.java:43)\r\n	at java.lang.reflect.Method.invoke(Method.java:498)\r\n	at com.xxl.job.core.handler.impl.MethodJobHandler.execute(MethodJobHandler.java:31)\r\n	at com.xxl.job.core.thread.JobThread.run(JobThread.java:163)\r\nCaused by: java.lang.Error: Unresolved compilation problem: \n	The method triggerAlarm(List<AlarmForm>) in the type SendMsgJob is not applicable for the arguments (List<AlarmForm>, Long)\n\r\n	at cn.andata.alert.notice.jobhandler.SendMsgJob.demoJobHandler(SendMsgJob.java:50)\r\n	... 5 more\r\n', '2');
INSERT INTO `xxl_job_log` VALUES ('127', '1', '5', 'http://192.168.236.1:9999/', 'sendJobHandler', '444', null, '0', '2021-09-13 17:05:00', '500', '任务触发类型：Cron触发<br>调度机器：192.168.236.1<br>执行器-注册方式：自动注册<br>执行器-地址列表：[http://192.168.236.1:9999/]<br>路由策略：第一个<br>阻塞处理策略：单机串行<br>任务超时时间：0<br>失败重试次数：0<br><br><span style=\"color:#00c0ef;\" > >>>>>>>>>>>触发调度<<<<<<<<<<< </span><br>触发调度：<br>address：http://192.168.236.1:9999/<br>code：500<br>msg：xxl-job remoting error(Connection refused: connect), for url : http://192.168.236.1:9999/run', null, '0', null, '2');
INSERT INTO `xxl_job_log` VALUES ('128', '1', '4', 'http://192.168.236.1:9999/', 'sendJobHandler', '333', null, '0', '2021-09-13 17:05:00', '500', '任务触发类型：Cron触发<br>调度机器：192.168.236.1<br>执行器-注册方式：自动注册<br>执行器-地址列表：[http://192.168.236.1:9999/]<br>路由策略：第一个<br>阻塞处理策略：单机串行<br>任务超时时间：0<br>失败重试次数：0<br><br><span style=\"color:#00c0ef;\" > >>>>>>>>>>>触发调度<<<<<<<<<<< </span><br>触发调度：<br>address：http://192.168.236.1:9999/<br>code：500<br>msg：xxl-job remoting error(Connection refused: connect), for url : http://192.168.236.1:9999/run', null, '0', null, '2');
INSERT INTO `xxl_job_log` VALUES ('129', '1', '4', 'http://192.168.236.1:9999/', 'sendJobHandler', '333', null, '0', '2021-09-13 17:05:43', '200', '任务触发类型：手动触发<br>调度机器：192.168.236.1<br>执行器-注册方式：自动注册<br>执行器-地址列表：[http://192.168.236.1:9999/]<br>路由策略：第一个<br>阻塞处理策略：单机串行<br>任务超时时间：0<br>失败重试次数：0<br><br><span style=\"color:#00c0ef;\" > >>>>>>>>>>>触发调度<<<<<<<<<<< </span><br>触发调度：<br>address：http://192.168.236.1:9999/<br>code：200<br>msg：null', '2021-09-13 17:05:44', '200', '', '0');
INSERT INTO `xxl_job_log` VALUES ('130', '1', '5', 'http://192.168.236.1:9999/', 'sendJobHandler', '444', null, '0', '2021-09-13 17:06:00', '200', '任务触发类型：Cron触发<br>调度机器：192.168.236.1<br>执行器-注册方式：自动注册<br>执行器-地址列表：[http://192.168.236.1:9999/]<br>路由策略：第一个<br>阻塞处理策略：单机串行<br>任务超时时间：0<br>失败重试次数：0<br><br><span style=\"color:#00c0ef;\" > >>>>>>>>>>>触发调度<<<<<<<<<<< </span><br>触发调度：<br>address：http://192.168.236.1:9999/<br>code：200<br>msg：null', '2021-09-13 17:06:00', '200', '', '0');
INSERT INTO `xxl_job_log` VALUES ('131', '1', '4', 'http://192.168.236.1:9999/', 'sendJobHandler', '333', null, '0', '2021-09-13 17:06:00', '200', '任务触发类型：Cron触发<br>调度机器：192.168.236.1<br>执行器-注册方式：自动注册<br>执行器-地址列表：[http://192.168.236.1:9999/]<br>路由策略：第一个<br>阻塞处理策略：单机串行<br>任务超时时间：0<br>失败重试次数：0<br><br><span style=\"color:#00c0ef;\" > >>>>>>>>>>>触发调度<<<<<<<<<<< </span><br>触发调度：<br>address：http://192.168.236.1:9999/<br>code：200<br>msg：null', '2021-09-13 17:06:00', '200', '', '0');
INSERT INTO `xxl_job_log` VALUES ('132', '1', '5', 'http://192.168.236.1:9999/', 'sendJobHandler', '444', null, '0', '2021-09-13 17:07:00', '200', '任务触发类型：Cron触发<br>调度机器：192.168.236.1<br>执行器-注册方式：自动注册<br>执行器-地址列表：[http://192.168.236.1:9999/]<br>路由策略：第一个<br>阻塞处理策略：单机串行<br>任务超时时间：0<br>失败重试次数：0<br><br><span style=\"color:#00c0ef;\" > >>>>>>>>>>>触发调度<<<<<<<<<<< </span><br>触发调度：<br>address：http://192.168.236.1:9999/<br>code：200<br>msg：null', '2021-09-13 17:07:00', '200', '', '0');
INSERT INTO `xxl_job_log` VALUES ('133', '1', '4', 'http://192.168.236.1:9999/', 'sendJobHandler', '333', null, '0', '2021-09-13 17:07:00', '200', '任务触发类型：Cron触发<br>调度机器：192.168.236.1<br>执行器-注册方式：自动注册<br>执行器-地址列表：[http://192.168.236.1:9999/]<br>路由策略：第一个<br>阻塞处理策略：单机串行<br>任务超时时间：0<br>失败重试次数：0<br><br><span style=\"color:#00c0ef;\" > >>>>>>>>>>>触发调度<<<<<<<<<<< </span><br>触发调度：<br>address：http://192.168.236.1:9999/<br>code：200<br>msg：null', '2021-09-13 17:07:00', '200', '', '0');
INSERT INTO `xxl_job_log` VALUES ('134', '1', '5', 'http://192.168.236.1:9999/', 'sendJobHandler', '444', null, '0', '2021-09-13 17:08:00', '200', '任务触发类型：Cron触发<br>调度机器：192.168.236.1<br>执行器-注册方式：自动注册<br>执行器-地址列表：[http://192.168.236.1:9999/]<br>路由策略：第一个<br>阻塞处理策略：单机串行<br>任务超时时间：0<br>失败重试次数：0<br><br><span style=\"color:#00c0ef;\" > >>>>>>>>>>>触发调度<<<<<<<<<<< </span><br>触发调度：<br>address：http://192.168.236.1:9999/<br>code：200<br>msg：null', '2021-09-13 17:08:01', '200', '', '0');
INSERT INTO `xxl_job_log` VALUES ('135', '1', '6', 'http://192.168.236.1:9999/', 'sendJobHandler', '555', null, '0', '2021-09-13 17:08:00', '200', '任务触发类型：Cron触发<br>调度机器：192.168.236.1<br>执行器-注册方式：自动注册<br>执行器-地址列表：[http://192.168.236.1:9999/]<br>路由策略：第一个<br>阻塞处理策略：单机串行<br>任务超时时间：0<br>失败重试次数：0<br><br><span style=\"color:#00c0ef;\" > >>>>>>>>>>>触发调度<<<<<<<<<<< </span><br>触发调度：<br>address：http://192.168.236.1:9999/<br>code：200<br>msg：null', '2021-09-13 17:08:01', '200', '', '0');
INSERT INTO `xxl_job_log` VALUES ('136', '1', '4', 'http://192.168.236.1:9999/', 'sendJobHandler', '333', null, '0', '2021-09-13 17:08:00', '200', '任务触发类型：Cron触发<br>调度机器：192.168.236.1<br>执行器-注册方式：自动注册<br>执行器-地址列表：[http://192.168.236.1:9999/]<br>路由策略：第一个<br>阻塞处理策略：单机串行<br>任务超时时间：0<br>失败重试次数：0<br><br><span style=\"color:#00c0ef;\" > >>>>>>>>>>>触发调度<<<<<<<<<<< </span><br>触发调度：<br>address：http://192.168.236.1:9999/<br>code：200<br>msg：null', '2021-09-13 17:08:01', '200', '', '0');
INSERT INTO `xxl_job_log` VALUES ('137', '1', '6', 'http://192.168.236.1:9999/', 'sendJobHandler', '555', null, '0', '2021-09-13 17:09:00', '200', '任务触发类型：Cron触发<br>调度机器：192.168.236.1<br>执行器-注册方式：自动注册<br>执行器-地址列表：[http://192.168.236.1:9999/]<br>路由策略：第一个<br>阻塞处理策略：单机串行<br>任务超时时间：0<br>失败重试次数：0<br><br><span style=\"color:#00c0ef;\" > >>>>>>>>>>>触发调度<<<<<<<<<<< </span><br>触发调度：<br>address：http://192.168.236.1:9999/<br>code：200<br>msg：null', '2021-09-13 17:09:00', '200', '', '0');
INSERT INTO `xxl_job_log` VALUES ('138', '1', '4', 'http://192.168.236.1:9999/', 'sendJobHandler', '333', null, '0', '2021-09-13 17:09:00', '200', '任务触发类型：Cron触发<br>调度机器：192.168.236.1<br>执行器-注册方式：自动注册<br>执行器-地址列表：[http://192.168.236.1:9999/]<br>路由策略：第一个<br>阻塞处理策略：单机串行<br>任务超时时间：0<br>失败重试次数：0<br><br><span style=\"color:#00c0ef;\" > >>>>>>>>>>>触发调度<<<<<<<<<<< </span><br>触发调度：<br>address：http://192.168.236.1:9999/<br>code：200<br>msg：null', '2021-09-13 17:09:00', '200', '', '0');
INSERT INTO `xxl_job_log` VALUES ('139', '1', '5', 'http://192.168.236.1:9999/', 'sendJobHandler', '444', null, '0', '2021-09-13 17:09:00', '200', '任务触发类型：Cron触发<br>调度机器：192.168.236.1<br>执行器-注册方式：自动注册<br>执行器-地址列表：[http://192.168.236.1:9999/]<br>路由策略：第一个<br>阻塞处理策略：单机串行<br>任务超时时间：0<br>失败重试次数：0<br><br><span style=\"color:#00c0ef;\" > >>>>>>>>>>>触发调度<<<<<<<<<<< </span><br>触发调度：<br>address：http://192.168.236.1:9999/<br>code：200<br>msg：null', '2021-09-13 17:09:00', '200', '', '0');
INSERT INTO `xxl_job_log` VALUES ('140', '1', '6', 'http://192.168.236.1:9999/', 'sendJobHandler', '555', null, '0', '2021-09-13 17:10:00', '200', '任务触发类型：Cron触发<br>调度机器：192.168.236.1<br>执行器-注册方式：自动注册<br>执行器-地址列表：[http://192.168.236.1:9999/]<br>路由策略：第一个<br>阻塞处理策略：单机串行<br>任务超时时间：0<br>失败重试次数：0<br><br><span style=\"color:#00c0ef;\" > >>>>>>>>>>>触发调度<<<<<<<<<<< </span><br>触发调度：<br>address：http://192.168.236.1:9999/<br>code：200<br>msg：null', '2021-09-13 17:10:00', '200', '', '0');
INSERT INTO `xxl_job_log` VALUES ('141', '1', '5', 'http://192.168.236.1:9999/', 'sendJobHandler', '444', null, '0', '2021-09-13 17:10:00', '200', '任务触发类型：Cron触发<br>调度机器：192.168.236.1<br>执行器-注册方式：自动注册<br>执行器-地址列表：[http://192.168.236.1:9999/]<br>路由策略：第一个<br>阻塞处理策略：单机串行<br>任务超时时间：0<br>失败重试次数：0<br><br><span style=\"color:#00c0ef;\" > >>>>>>>>>>>触发调度<<<<<<<<<<< </span><br>触发调度：<br>address：http://192.168.236.1:9999/<br>code：200<br>msg：null', '2021-09-13 17:10:00', '200', '', '0');
INSERT INTO `xxl_job_log` VALUES ('142', '1', '4', 'http://192.168.236.1:9999/', 'sendJobHandler', '333', null, '0', '2021-09-13 17:10:00', '200', '任务触发类型：Cron触发<br>调度机器：192.168.236.1<br>执行器-注册方式：自动注册<br>执行器-地址列表：[http://192.168.236.1:9999/]<br>路由策略：第一个<br>阻塞处理策略：单机串行<br>任务超时时间：0<br>失败重试次数：0<br><br><span style=\"color:#00c0ef;\" > >>>>>>>>>>>触发调度<<<<<<<<<<< </span><br>触发调度：<br>address：http://192.168.236.1:9999/<br>code：200<br>msg：null', '2021-09-13 17:10:00', '200', '', '0');
INSERT INTO `xxl_job_log` VALUES ('143', '1', '4', 'http://192.168.236.1:9999/', 'sendJobHandler', '333', null, '0', '2021-09-13 17:11:00', '200', '任务触发类型：Cron触发<br>调度机器：192.168.236.1<br>执行器-注册方式：自动注册<br>执行器-地址列表：[http://192.168.236.1:9999/]<br>路由策略：第一个<br>阻塞处理策略：单机串行<br>任务超时时间：0<br>失败重试次数：0<br><br><span style=\"color:#00c0ef;\" > >>>>>>>>>>>触发调度<<<<<<<<<<< </span><br>触发调度：<br>address：http://192.168.236.1:9999/<br>code：200<br>msg：null', '2021-09-13 17:11:00', '200', '', '0');
INSERT INTO `xxl_job_log` VALUES ('144', '1', '6', 'http://192.168.236.1:9999/', 'sendJobHandler', '555', null, '0', '2021-09-13 17:11:00', '200', '任务触发类型：Cron触发<br>调度机器：192.168.236.1<br>执行器-注册方式：自动注册<br>执行器-地址列表：[http://192.168.236.1:9999/]<br>路由策略：第一个<br>阻塞处理策略：单机串行<br>任务超时时间：0<br>失败重试次数：0<br><br><span style=\"color:#00c0ef;\" > >>>>>>>>>>>触发调度<<<<<<<<<<< </span><br>触发调度：<br>address：http://192.168.236.1:9999/<br>code：200<br>msg：null', '2021-09-13 17:11:00', '200', '', '0');
INSERT INTO `xxl_job_log` VALUES ('145', '1', '5', 'http://192.168.236.1:9999/', 'sendJobHandler', '444', null, '0', '2021-09-13 17:11:00', '200', '任务触发类型：Cron触发<br>调度机器：192.168.236.1<br>执行器-注册方式：自动注册<br>执行器-地址列表：[http://192.168.236.1:9999/]<br>路由策略：第一个<br>阻塞处理策略：单机串行<br>任务超时时间：0<br>失败重试次数：0<br><br><span style=\"color:#00c0ef;\" > >>>>>>>>>>>触发调度<<<<<<<<<<< </span><br>触发调度：<br>address：http://192.168.236.1:9999/<br>code：200<br>msg：null', '2021-09-13 17:11:00', '200', '', '0');
INSERT INTO `xxl_job_log` VALUES ('146', '1', '5', 'http://192.168.236.1:9999/', 'sendJobHandler', '444', null, '0', '2021-09-13 17:12:00', '200', '任务触发类型：Cron触发<br>调度机器：192.168.236.1<br>执行器-注册方式：自动注册<br>执行器-地址列表：[http://192.168.236.1:9999/]<br>路由策略：第一个<br>阻塞处理策略：单机串行<br>任务超时时间：0<br>失败重试次数：0<br><br><span style=\"color:#00c0ef;\" > >>>>>>>>>>>触发调度<<<<<<<<<<< </span><br>触发调度：<br>address：http://192.168.236.1:9999/<br>code：200<br>msg：null', '2021-09-13 17:12:00', '200', '', '0');
INSERT INTO `xxl_job_log` VALUES ('147', '1', '4', 'http://192.168.236.1:9999/', 'sendJobHandler', '333', null, '0', '2021-09-13 17:12:00', '200', '任务触发类型：Cron触发<br>调度机器：192.168.236.1<br>执行器-注册方式：自动注册<br>执行器-地址列表：[http://192.168.236.1:9999/]<br>路由策略：第一个<br>阻塞处理策略：单机串行<br>任务超时时间：0<br>失败重试次数：0<br><br><span style=\"color:#00c0ef;\" > >>>>>>>>>>>触发调度<<<<<<<<<<< </span><br>触发调度：<br>address：http://192.168.236.1:9999/<br>code：200<br>msg：null', '2021-09-13 17:12:00', '200', '', '0');
INSERT INTO `xxl_job_log` VALUES ('148', '1', '6', 'http://192.168.236.1:9999/', 'sendJobHandler', '555', null, '0', '2021-09-13 17:12:00', '200', '任务触发类型：Cron触发<br>调度机器：192.168.236.1<br>执行器-注册方式：自动注册<br>执行器-地址列表：[http://192.168.236.1:9999/]<br>路由策略：第一个<br>阻塞处理策略：单机串行<br>任务超时时间：0<br>失败重试次数：0<br><br><span style=\"color:#00c0ef;\" > >>>>>>>>>>>触发调度<<<<<<<<<<< </span><br>触发调度：<br>address：http://192.168.236.1:9999/<br>code：200<br>msg：null', '2021-09-13 17:12:00', '200', '', '0');
INSERT INTO `xxl_job_log` VALUES ('149', '1', '4', 'http://192.168.236.1:9999/', 'sendJobHandler', '333', null, '0', '2021-09-13 17:13:00', '200', '任务触发类型：Cron触发<br>调度机器：192.168.236.1<br>执行器-注册方式：自动注册<br>执行器-地址列表：[http://192.168.236.1:9999/]<br>路由策略：第一个<br>阻塞处理策略：单机串行<br>任务超时时间：0<br>失败重试次数：0<br><br><span style=\"color:#00c0ef;\" > >>>>>>>>>>>触发调度<<<<<<<<<<< </span><br>触发调度：<br>address：http://192.168.236.1:9999/<br>code：200<br>msg：null', '2021-09-13 17:13:00', '200', '', '0');
INSERT INTO `xxl_job_log` VALUES ('150', '1', '6', 'http://192.168.236.1:9999/', 'sendJobHandler', '555', null, '0', '2021-09-13 17:13:00', '200', '任务触发类型：Cron触发<br>调度机器：192.168.236.1<br>执行器-注册方式：自动注册<br>执行器-地址列表：[http://192.168.236.1:9999/]<br>路由策略：第一个<br>阻塞处理策略：单机串行<br>任务超时时间：0<br>失败重试次数：0<br><br><span style=\"color:#00c0ef;\" > >>>>>>>>>>>触发调度<<<<<<<<<<< </span><br>触发调度：<br>address：http://192.168.236.1:9999/<br>code：200<br>msg：null', '2021-09-13 17:13:00', '200', '', '0');
INSERT INTO `xxl_job_log` VALUES ('151', '1', '5', 'http://192.168.236.1:9999/', 'sendJobHandler', '444', null, '0', '2021-09-13 17:13:00', '200', '任务触发类型：Cron触发<br>调度机器：192.168.236.1<br>执行器-注册方式：自动注册<br>执行器-地址列表：[http://192.168.236.1:9999/]<br>路由策略：第一个<br>阻塞处理策略：单机串行<br>任务超时时间：0<br>失败重试次数：0<br><br><span style=\"color:#00c0ef;\" > >>>>>>>>>>>触发调度<<<<<<<<<<< </span><br>触发调度：<br>address：http://192.168.236.1:9999/<br>code：200<br>msg：null', '2021-09-13 17:13:00', '200', '', '0');
INSERT INTO `xxl_job_log` VALUES ('152', '1', '6', 'http://192.168.236.1:9999/', 'sendJobHandler', '555', null, '0', '2021-09-13 17:14:00', '200', '任务触发类型：Cron触发<br>调度机器：192.168.236.1<br>执行器-注册方式：自动注册<br>执行器-地址列表：[http://192.168.236.1:9999/]<br>路由策略：第一个<br>阻塞处理策略：单机串行<br>任务超时时间：0<br>失败重试次数：0<br><br><span style=\"color:#00c0ef;\" > >>>>>>>>>>>触发调度<<<<<<<<<<< </span><br>触发调度：<br>address：http://192.168.236.1:9999/<br>code：200<br>msg：null', '2021-09-13 17:14:00', '200', '', '0');
INSERT INTO `xxl_job_log` VALUES ('153', '1', '4', 'http://192.168.236.1:9999/', 'sendJobHandler', '333', null, '0', '2021-09-13 17:14:00', '200', '任务触发类型：Cron触发<br>调度机器：192.168.236.1<br>执行器-注册方式：自动注册<br>执行器-地址列表：[http://192.168.236.1:9999/]<br>路由策略：第一个<br>阻塞处理策略：单机串行<br>任务超时时间：0<br>失败重试次数：0<br><br><span style=\"color:#00c0ef;\" > >>>>>>>>>>>触发调度<<<<<<<<<<< </span><br>触发调度：<br>address：http://192.168.236.1:9999/<br>code：200<br>msg：null', '2021-09-13 17:14:00', '200', '', '0');
INSERT INTO `xxl_job_log` VALUES ('154', '1', '5', 'http://192.168.236.1:9999/', 'sendJobHandler', '444', null, '0', '2021-09-13 17:14:00', '200', '任务触发类型：Cron触发<br>调度机器：192.168.236.1<br>执行器-注册方式：自动注册<br>执行器-地址列表：[http://192.168.236.1:9999/]<br>路由策略：第一个<br>阻塞处理策略：单机串行<br>任务超时时间：0<br>失败重试次数：0<br><br><span style=\"color:#00c0ef;\" > >>>>>>>>>>>触发调度<<<<<<<<<<< </span><br>触发调度：<br>address：http://192.168.236.1:9999/<br>code：200<br>msg：null', '2021-09-13 17:14:00', '200', '', '0');
INSERT INTO `xxl_job_log` VALUES ('155', '1', '5', 'http://192.168.236.1:9999/', 'sendJobHandler', '444', null, '0', '2021-09-13 17:15:00', '200', '任务触发类型：Cron触发<br>调度机器：192.168.236.1<br>执行器-注册方式：自动注册<br>执行器-地址列表：[http://192.168.236.1:9999/]<br>路由策略：第一个<br>阻塞处理策略：单机串行<br>任务超时时间：0<br>失败重试次数：0<br><br><span style=\"color:#00c0ef;\" > >>>>>>>>>>>触发调度<<<<<<<<<<< </span><br>触发调度：<br>address：http://192.168.236.1:9999/<br>code：200<br>msg：null', '2021-09-13 17:15:00', '200', '', '0');
INSERT INTO `xxl_job_log` VALUES ('156', '1', '6', 'http://192.168.236.1:9999/', 'sendJobHandler', '555', null, '0', '2021-09-13 17:15:00', '200', '任务触发类型：Cron触发<br>调度机器：192.168.236.1<br>执行器-注册方式：自动注册<br>执行器-地址列表：[http://192.168.236.1:9999/]<br>路由策略：第一个<br>阻塞处理策略：单机串行<br>任务超时时间：0<br>失败重试次数：0<br><br><span style=\"color:#00c0ef;\" > >>>>>>>>>>>触发调度<<<<<<<<<<< </span><br>触发调度：<br>address：http://192.168.236.1:9999/<br>code：200<br>msg：null', '2021-09-13 17:15:00', '200', '', '0');
INSERT INTO `xxl_job_log` VALUES ('157', '1', '4', 'http://192.168.236.1:9999/', 'sendJobHandler', '333', null, '0', '2021-09-13 17:15:00', '200', '任务触发类型：Cron触发<br>调度机器：192.168.236.1<br>执行器-注册方式：自动注册<br>执行器-地址列表：[http://192.168.236.1:9999/]<br>路由策略：第一个<br>阻塞处理策略：单机串行<br>任务超时时间：0<br>失败重试次数：0<br><br><span style=\"color:#00c0ef;\" > >>>>>>>>>>>触发调度<<<<<<<<<<< </span><br>触发调度：<br>address：http://192.168.236.1:9999/<br>code：200<br>msg：null', '2021-09-13 17:15:00', '200', '', '0');
INSERT INTO `xxl_job_log` VALUES ('158', '1', '6', 'http://192.168.236.1:9999/', 'sendJobHandler', '555', null, '0', '2021-09-13 17:16:00', '200', '任务触发类型：Cron触发<br>调度机器：192.168.236.1<br>执行器-注册方式：自动注册<br>执行器-地址列表：[http://192.168.236.1:9999/]<br>路由策略：第一个<br>阻塞处理策略：单机串行<br>任务超时时间：0<br>失败重试次数：0<br><br><span style=\"color:#00c0ef;\" > >>>>>>>>>>>触发调度<<<<<<<<<<< </span><br>触发调度：<br>address：http://192.168.236.1:9999/<br>code：200<br>msg：null', '2021-09-13 17:16:00', '200', '', '0');
INSERT INTO `xxl_job_log` VALUES ('159', '1', '5', 'http://192.168.236.1:9999/', 'sendJobHandler', '444', null, '0', '2021-09-13 17:16:00', '200', '任务触发类型：Cron触发<br>调度机器：192.168.236.1<br>执行器-注册方式：自动注册<br>执行器-地址列表：[http://192.168.236.1:9999/]<br>路由策略：第一个<br>阻塞处理策略：单机串行<br>任务超时时间：0<br>失败重试次数：0<br><br><span style=\"color:#00c0ef;\" > >>>>>>>>>>>触发调度<<<<<<<<<<< </span><br>触发调度：<br>address：http://192.168.236.1:9999/<br>code：200<br>msg：null', '2021-09-13 17:16:00', '200', '', '0');
INSERT INTO `xxl_job_log` VALUES ('160', '1', '4', 'http://192.168.236.1:9999/', 'sendJobHandler', '333', null, '0', '2021-09-13 17:16:00', '200', '任务触发类型：Cron触发<br>调度机器：192.168.236.1<br>执行器-注册方式：自动注册<br>执行器-地址列表：[http://192.168.236.1:9999/]<br>路由策略：第一个<br>阻塞处理策略：单机串行<br>任务超时时间：0<br>失败重试次数：0<br><br><span style=\"color:#00c0ef;\" > >>>>>>>>>>>触发调度<<<<<<<<<<< </span><br>触发调度：<br>address：http://192.168.236.1:9999/<br>code：200<br>msg：null', '2021-09-13 17:16:00', '200', '', '0');
INSERT INTO `xxl_job_log` VALUES ('161', '1', '4', 'http://192.168.236.1:9999/', 'sendJobHandler', '333', null, '0', '2021-09-13 17:17:00', '200', '任务触发类型：Cron触发<br>调度机器：192.168.236.1<br>执行器-注册方式：自动注册<br>执行器-地址列表：[http://192.168.236.1:9999/]<br>路由策略：第一个<br>阻塞处理策略：单机串行<br>任务超时时间：0<br>失败重试次数：0<br><br><span style=\"color:#00c0ef;\" > >>>>>>>>>>>触发调度<<<<<<<<<<< </span><br>触发调度：<br>address：http://192.168.236.1:9999/<br>code：200<br>msg：null', '2021-09-13 17:17:00', '200', '', '0');
INSERT INTO `xxl_job_log` VALUES ('162', '1', '5', 'http://192.168.236.1:9999/', 'sendJobHandler', '444', null, '0', '2021-09-13 17:17:00', '200', '任务触发类型：Cron触发<br>调度机器：192.168.236.1<br>执行器-注册方式：自动注册<br>执行器-地址列表：[http://192.168.236.1:9999/]<br>路由策略：第一个<br>阻塞处理策略：单机串行<br>任务超时时间：0<br>失败重试次数：0<br><br><span style=\"color:#00c0ef;\" > >>>>>>>>>>>触发调度<<<<<<<<<<< </span><br>触发调度：<br>address：http://192.168.236.1:9999/<br>code：200<br>msg：null', '2021-09-13 17:17:00', '200', '', '0');
INSERT INTO `xxl_job_log` VALUES ('163', '1', '6', 'http://192.168.236.1:9999/', 'sendJobHandler', '555', null, '0', '2021-09-13 17:17:00', '200', '任务触发类型：Cron触发<br>调度机器：192.168.236.1<br>执行器-注册方式：自动注册<br>执行器-地址列表：[http://192.168.236.1:9999/]<br>路由策略：第一个<br>阻塞处理策略：单机串行<br>任务超时时间：0<br>失败重试次数：0<br><br><span style=\"color:#00c0ef;\" > >>>>>>>>>>>触发调度<<<<<<<<<<< </span><br>触发调度：<br>address：http://192.168.236.1:9999/<br>code：200<br>msg：null', '2021-09-13 17:17:00', '200', '', '0');
INSERT INTO `xxl_job_log` VALUES ('164', '1', '4', 'http://192.168.236.1:9999/', 'sendJobHandler', '333', null, '0', '2021-09-13 17:18:00', '200', '任务触发类型：Cron触发<br>调度机器：192.168.236.1<br>执行器-注册方式：自动注册<br>执行器-地址列表：[http://192.168.236.1:9999/]<br>路由策略：第一个<br>阻塞处理策略：单机串行<br>任务超时时间：0<br>失败重试次数：0<br><br><span style=\"color:#00c0ef;\" > >>>>>>>>>>>触发调度<<<<<<<<<<< </span><br>触发调度：<br>address：http://192.168.236.1:9999/<br>code：200<br>msg：null', '2021-09-13 17:18:00', '200', '', '0');
INSERT INTO `xxl_job_log` VALUES ('165', '1', '4', 'http://192.168.236.1:9999/', 'sendJobHandler', '333', null, '0', '2021-09-13 17:19:00', '200', '任务触发类型：Cron触发<br>调度机器：192.168.236.1<br>执行器-注册方式：自动注册<br>执行器-地址列表：[http://192.168.236.1:9999/]<br>路由策略：第一个<br>阻塞处理策略：单机串行<br>任务超时时间：0<br>失败重试次数：0<br><br><span style=\"color:#00c0ef;\" > >>>>>>>>>>>触发调度<<<<<<<<<<< </span><br>触发调度：<br>address：http://192.168.236.1:9999/<br>code：200<br>msg：null', '2021-09-13 17:19:00', '200', '', '0');
INSERT INTO `xxl_job_log` VALUES ('166', '1', '4', 'http://192.168.236.1:9999/', 'sendJobHandler', '333', null, '0', '2021-09-13 17:20:00', '200', '任务触发类型：Cron触发<br>调度机器：192.168.236.1<br>执行器-注册方式：自动注册<br>执行器-地址列表：[http://192.168.236.1:9999/]<br>路由策略：第一个<br>阻塞处理策略：单机串行<br>任务超时时间：0<br>失败重试次数：0<br><br><span style=\"color:#00c0ef;\" > >>>>>>>>>>>触发调度<<<<<<<<<<< </span><br>触发调度：<br>address：http://192.168.236.1:9999/<br>code：200<br>msg：null', '2021-09-13 17:20:00', '200', '', '0');
INSERT INTO `xxl_job_log` VALUES ('167', '1', '4', 'http://192.168.236.1:9999/', 'sendJobHandler', '333', null, '0', '2021-09-13 17:21:00', '200', '任务触发类型：Cron触发<br>调度机器：192.168.236.1<br>执行器-注册方式：自动注册<br>执行器-地址列表：[http://192.168.236.1:9999/]<br>路由策略：第一个<br>阻塞处理策略：单机串行<br>任务超时时间：0<br>失败重试次数：0<br><br><span style=\"color:#00c0ef;\" > >>>>>>>>>>>触发调度<<<<<<<<<<< </span><br>触发调度：<br>address：http://192.168.236.1:9999/<br>code：200<br>msg：null', '2021-09-13 17:21:00', '200', '', '0');
INSERT INTO `xxl_job_log` VALUES ('168', '1', '4', 'http://192.168.236.1:9999/', 'sendJobHandler', '333', null, '0', '2021-09-13 17:22:00', '200', '任务触发类型：Cron触发<br>调度机器：192.168.236.1<br>执行器-注册方式：自动注册<br>执行器-地址列表：[http://192.168.236.1:9999/]<br>路由策略：第一个<br>阻塞处理策略：单机串行<br>任务超时时间：0<br>失败重试次数：0<br><br><span style=\"color:#00c0ef;\" > >>>>>>>>>>>触发调度<<<<<<<<<<< </span><br>触发调度：<br>address：http://192.168.236.1:9999/<br>code：200<br>msg：null', '2021-09-13 17:22:00', '200', '', '0');
INSERT INTO `xxl_job_log` VALUES ('169', '1', '4', 'http://192.168.236.1:9999/', 'sendJobHandler', '333', null, '0', '2021-09-13 17:23:00', '200', '任务触发类型：Cron触发<br>调度机器：192.168.236.1<br>执行器-注册方式：自动注册<br>执行器-地址列表：[http://192.168.236.1:9999/]<br>路由策略：第一个<br>阻塞处理策略：单机串行<br>任务超时时间：0<br>失败重试次数：0<br><br><span style=\"color:#00c0ef;\" > >>>>>>>>>>>触发调度<<<<<<<<<<< </span><br>触发调度：<br>address：http://192.168.236.1:9999/<br>code：200<br>msg：null', '2021-09-13 17:23:00', '200', '', '0');
INSERT INTO `xxl_job_log` VALUES ('170', '1', '4', 'http://192.168.236.1:9999/', 'sendJobHandler', '333', null, '0', '2021-09-13 17:24:00', '200', '任务触发类型：Cron触发<br>调度机器：192.168.236.1<br>执行器-注册方式：自动注册<br>执行器-地址列表：[http://192.168.236.1:9999/]<br>路由策略：第一个<br>阻塞处理策略：单机串行<br>任务超时时间：0<br>失败重试次数：0<br><br><span style=\"color:#00c0ef;\" > >>>>>>>>>>>触发调度<<<<<<<<<<< </span><br>触发调度：<br>address：http://192.168.236.1:9999/<br>code：200<br>msg：null', '2021-09-13 17:24:00', '200', '', '0');
INSERT INTO `xxl_job_log` VALUES ('171', '1', '4', 'http://192.168.236.1:9999/', 'sendJobHandler', '333', null, '0', '2021-09-13 17:25:00', '200', '任务触发类型：Cron触发<br>调度机器：192.168.236.1<br>执行器-注册方式：自动注册<br>执行器-地址列表：[http://192.168.236.1:9999/]<br>路由策略：第一个<br>阻塞处理策略：单机串行<br>任务超时时间：0<br>失败重试次数：0<br><br><span style=\"color:#00c0ef;\" > >>>>>>>>>>>触发调度<<<<<<<<<<< </span><br>触发调度：<br>address：http://192.168.236.1:9999/<br>code：200<br>msg：null', '2021-09-13 17:25:00', '200', '', '0');
INSERT INTO `xxl_job_log` VALUES ('172', '1', '4', 'http://192.168.236.1:9999/', 'sendJobHandler', '333', null, '0', '2021-09-13 17:26:00', '200', '任务触发类型：Cron触发<br>调度机器：192.168.236.1<br>执行器-注册方式：自动注册<br>执行器-地址列表：[http://192.168.236.1:9999/]<br>路由策略：第一个<br>阻塞处理策略：单机串行<br>任务超时时间：0<br>失败重试次数：0<br><br><span style=\"color:#00c0ef;\" > >>>>>>>>>>>触发调度<<<<<<<<<<< </span><br>触发调度：<br>address：http://192.168.236.1:9999/<br>code：200<br>msg：null', '2021-09-13 17:26:00', '200', '', '0');
INSERT INTO `xxl_job_log` VALUES ('173', '1', '4', 'http://192.168.236.1:9999/', 'sendJobHandler', '333', null, '0', '2021-09-13 17:27:00', '200', '任务触发类型：Cron触发<br>调度机器：192.168.236.1<br>执行器-注册方式：自动注册<br>执行器-地址列表：[http://192.168.236.1:9999/]<br>路由策略：第一个<br>阻塞处理策略：单机串行<br>任务超时时间：0<br>失败重试次数：0<br><br><span style=\"color:#00c0ef;\" > >>>>>>>>>>>触发调度<<<<<<<<<<< </span><br>触发调度：<br>address：http://192.168.236.1:9999/<br>code：200<br>msg：null', '2021-09-13 17:27:00', '200', '', '0');
INSERT INTO `xxl_job_log` VALUES ('174', '1', '4', 'http://192.168.236.1:9999/', 'sendJobHandler', '333', null, '0', '2021-09-13 17:28:00', '200', '任务触发类型：Cron触发<br>调度机器：192.168.236.1<br>执行器-注册方式：自动注册<br>执行器-地址列表：[http://192.168.236.1:9999/]<br>路由策略：第一个<br>阻塞处理策略：单机串行<br>任务超时时间：0<br>失败重试次数：0<br><br><span style=\"color:#00c0ef;\" > >>>>>>>>>>>触发调度<<<<<<<<<<< </span><br>触发调度：<br>address：http://192.168.236.1:9999/<br>code：200<br>msg：null', '2021-09-13 17:28:00', '200', '', '0');
INSERT INTO `xxl_job_log` VALUES ('175', '1', '4', 'http://192.168.236.1:9999/', 'sendJobHandler', '333', null, '0', '2021-09-13 17:29:00', '200', '任务触发类型：Cron触发<br>调度机器：192.168.236.1<br>执行器-注册方式：自动注册<br>执行器-地址列表：[http://192.168.236.1:9999/]<br>路由策略：第一个<br>阻塞处理策略：单机串行<br>任务超时时间：0<br>失败重试次数：0<br><br><span style=\"color:#00c0ef;\" > >>>>>>>>>>>触发调度<<<<<<<<<<< </span><br>触发调度：<br>address：http://192.168.236.1:9999/<br>code：200<br>msg：null', '2021-09-13 17:29:00', '200', '', '0');
INSERT INTO `xxl_job_log` VALUES ('176', '1', '4', 'http://192.168.236.1:9999/', 'sendJobHandler', '333', null, '0', '2021-09-13 17:30:00', '200', '任务触发类型：Cron触发<br>调度机器：192.168.236.1<br>执行器-注册方式：自动注册<br>执行器-地址列表：[http://192.168.236.1:9999/]<br>路由策略：第一个<br>阻塞处理策略：单机串行<br>任务超时时间：0<br>失败重试次数：0<br><br><span style=\"color:#00c0ef;\" > >>>>>>>>>>>触发调度<<<<<<<<<<< </span><br>触发调度：<br>address：http://192.168.236.1:9999/<br>code：200<br>msg：null', '2021-09-13 17:30:00', '200', '', '0');
INSERT INTO `xxl_job_log` VALUES ('177', '1', '4', 'http://192.168.236.1:9999/', 'sendJobHandler', '333', null, '0', '2021-09-13 17:31:00', '200', '任务触发类型：Cron触发<br>调度机器：192.168.236.1<br>执行器-注册方式：自动注册<br>执行器-地址列表：[http://192.168.236.1:9999/]<br>路由策略：第一个<br>阻塞处理策略：单机串行<br>任务超时时间：0<br>失败重试次数：0<br><br><span style=\"color:#00c0ef;\" > >>>>>>>>>>>触发调度<<<<<<<<<<< </span><br>触发调度：<br>address：http://192.168.236.1:9999/<br>code：200<br>msg：null', '2021-09-13 17:31:00', '200', '', '0');
INSERT INTO `xxl_job_log` VALUES ('178', '1', '4', 'http://192.168.236.1:9999/', 'sendJobHandler', '333', null, '0', '2021-09-13 17:32:00', '200', '任务触发类型：Cron触发<br>调度机器：192.168.236.1<br>执行器-注册方式：自动注册<br>执行器-地址列表：[http://192.168.236.1:9999/]<br>路由策略：第一个<br>阻塞处理策略：单机串行<br>任务超时时间：0<br>失败重试次数：0<br><br><span style=\"color:#00c0ef;\" > >>>>>>>>>>>触发调度<<<<<<<<<<< </span><br>触发调度：<br>address：http://192.168.236.1:9999/<br>code：200<br>msg：null', '2021-09-13 17:32:00', '200', '', '0');
INSERT INTO `xxl_job_log` VALUES ('179', '1', '4', 'http://192.168.236.1:9999/', 'sendJobHandler', '333', null, '0', '2021-09-13 17:33:00', '200', '任务触发类型：Cron触发<br>调度机器：192.168.236.1<br>执行器-注册方式：自动注册<br>执行器-地址列表：[http://192.168.236.1:9999/]<br>路由策略：第一个<br>阻塞处理策略：单机串行<br>任务超时时间：0<br>失败重试次数：0<br><br><span style=\"color:#00c0ef;\" > >>>>>>>>>>>触发调度<<<<<<<<<<< </span><br>触发调度：<br>address：http://192.168.236.1:9999/<br>code：200<br>msg：null', '2021-09-13 17:33:00', '200', '', '0');
INSERT INTO `xxl_job_log` VALUES ('180', '1', '4', 'http://192.168.236.1:9999/', 'sendJobHandler', '333', null, '0', '2021-09-13 17:34:00', '200', '任务触发类型：Cron触发<br>调度机器：192.168.236.1<br>执行器-注册方式：自动注册<br>执行器-地址列表：[http://192.168.236.1:9999/]<br>路由策略：第一个<br>阻塞处理策略：单机串行<br>任务超时时间：0<br>失败重试次数：0<br><br><span style=\"color:#00c0ef;\" > >>>>>>>>>>>触发调度<<<<<<<<<<< </span><br>触发调度：<br>address：http://192.168.236.1:9999/<br>code：200<br>msg：null', '2021-09-13 17:34:00', '200', '', '0');
INSERT INTO `xxl_job_log` VALUES ('181', '1', '4', 'http://192.168.236.1:9999/', 'sendJobHandler', '333', null, '0', '2021-09-13 17:35:00', '200', '任务触发类型：Cron触发<br>调度机器：192.168.236.1<br>执行器-注册方式：自动注册<br>执行器-地址列表：[http://192.168.236.1:9999/]<br>路由策略：第一个<br>阻塞处理策略：单机串行<br>任务超时时间：0<br>失败重试次数：0<br><br><span style=\"color:#00c0ef;\" > >>>>>>>>>>>触发调度<<<<<<<<<<< </span><br>触发调度：<br>address：http://192.168.236.1:9999/<br>code：200<br>msg：null', '2021-09-13 17:35:00', '200', '', '0');
INSERT INTO `xxl_job_log` VALUES ('182', '1', '4', 'http://192.168.236.1:9999/', 'sendJobHandler', '333', null, '0', '2021-09-13 17:36:00', '200', '任务触发类型：Cron触发<br>调度机器：192.168.236.1<br>执行器-注册方式：自动注册<br>执行器-地址列表：[http://192.168.236.1:9999/]<br>路由策略：第一个<br>阻塞处理策略：单机串行<br>任务超时时间：0<br>失败重试次数：0<br><br><span style=\"color:#00c0ef;\" > >>>>>>>>>>>触发调度<<<<<<<<<<< </span><br>触发调度：<br>address：http://192.168.236.1:9999/<br>code：200<br>msg：null', '2021-09-13 17:36:00', '200', '', '0');
INSERT INTO `xxl_job_log` VALUES ('183', '1', '4', 'http://192.168.236.1:9999/', 'sendJobHandler', '333', null, '0', '2021-09-13 17:37:00', '200', '任务触发类型：Cron触发<br>调度机器：192.168.236.1<br>执行器-注册方式：自动注册<br>执行器-地址列表：[http://192.168.236.1:9999/]<br>路由策略：第一个<br>阻塞处理策略：单机串行<br>任务超时时间：0<br>失败重试次数：0<br><br><span style=\"color:#00c0ef;\" > >>>>>>>>>>>触发调度<<<<<<<<<<< </span><br>触发调度：<br>address：http://192.168.236.1:9999/<br>code：200<br>msg：null', '2021-09-13 17:37:00', '200', '', '0');
INSERT INTO `xxl_job_log` VALUES ('184', '1', '4', 'http://192.168.236.1:9999/', 'sendJobHandler', '333', null, '0', '2021-09-13 17:38:00', '200', '任务触发类型：Cron触发<br>调度机器：192.168.236.1<br>执行器-注册方式：自动注册<br>执行器-地址列表：[http://192.168.236.1:9999/]<br>路由策略：第一个<br>阻塞处理策略：单机串行<br>任务超时时间：0<br>失败重试次数：0<br><br><span style=\"color:#00c0ef;\" > >>>>>>>>>>>触发调度<<<<<<<<<<< </span><br>触发调度：<br>address：http://192.168.236.1:9999/<br>code：200<br>msg：null', '2021-09-13 17:38:00', '200', '', '0');
INSERT INTO `xxl_job_log` VALUES ('185', '1', '4', 'http://192.168.236.1:9999/', 'sendJobHandler', '333', null, '0', '2021-09-13 17:39:00', '200', '任务触发类型：Cron触发<br>调度机器：192.168.236.1<br>执行器-注册方式：自动注册<br>执行器-地址列表：[http://192.168.236.1:9999/]<br>路由策略：第一个<br>阻塞处理策略：单机串行<br>任务超时时间：0<br>失败重试次数：0<br><br><span style=\"color:#00c0ef;\" > >>>>>>>>>>>触发调度<<<<<<<<<<< </span><br>触发调度：<br>address：http://192.168.236.1:9999/<br>code：200<br>msg：null', '2021-09-13 17:39:00', '200', '', '0');
INSERT INTO `xxl_job_log` VALUES ('186', '1', '4', 'http://192.168.236.1:9999/', 'sendJobHandler', '333', null, '0', '2021-09-13 17:40:00', '200', '任务触发类型：Cron触发<br>调度机器：192.168.236.1<br>执行器-注册方式：自动注册<br>执行器-地址列表：[http://192.168.236.1:9999/]<br>路由策略：第一个<br>阻塞处理策略：单机串行<br>任务超时时间：0<br>失败重试次数：0<br><br><span style=\"color:#00c0ef;\" > >>>>>>>>>>>触发调度<<<<<<<<<<< </span><br>触发调度：<br>address：http://192.168.236.1:9999/<br>code：200<br>msg：null', '2021-09-13 17:40:00', '200', '', '0');
INSERT INTO `xxl_job_log` VALUES ('187', '1', '4', 'http://192.168.236.1:9999/', 'sendJobHandler', '333', null, '0', '2021-09-13 17:41:00', '200', '任务触发类型：Cron触发<br>调度机器：192.168.236.1<br>执行器-注册方式：自动注册<br>执行器-地址列表：[http://192.168.236.1:9999/]<br>路由策略：第一个<br>阻塞处理策略：单机串行<br>任务超时时间：0<br>失败重试次数：0<br><br><span style=\"color:#00c0ef;\" > >>>>>>>>>>>触发调度<<<<<<<<<<< </span><br>触发调度：<br>address：http://192.168.236.1:9999/<br>code：200<br>msg：null', '2021-09-13 17:41:00', '200', '', '0');
INSERT INTO `xxl_job_log` VALUES ('188', '1', '4', 'http://192.168.236.1:9999/', 'sendJobHandler', '333', null, '0', '2021-09-13 17:42:00', '200', '任务触发类型：Cron触发<br>调度机器：192.168.236.1<br>执行器-注册方式：自动注册<br>执行器-地址列表：[http://192.168.236.1:9999/]<br>路由策略：第一个<br>阻塞处理策略：单机串行<br>任务超时时间：0<br>失败重试次数：0<br><br><span style=\"color:#00c0ef;\" > >>>>>>>>>>>触发调度<<<<<<<<<<< </span><br>触发调度：<br>address：http://192.168.236.1:9999/<br>code：200<br>msg：null', '2021-09-13 17:42:00', '200', '', '0');
INSERT INTO `xxl_job_log` VALUES ('189', '1', '4', 'http://192.168.236.1:9999/', 'sendJobHandler', '333', null, '0', '2021-09-13 17:43:00', '200', '任务触发类型：Cron触发<br>调度机器：192.168.236.1<br>执行器-注册方式：自动注册<br>执行器-地址列表：[http://192.168.236.1:9999/]<br>路由策略：第一个<br>阻塞处理策略：单机串行<br>任务超时时间：0<br>失败重试次数：0<br><br><span style=\"color:#00c0ef;\" > >>>>>>>>>>>触发调度<<<<<<<<<<< </span><br>触发调度：<br>address：http://192.168.236.1:9999/<br>code：200<br>msg：null', '2021-09-13 17:43:00', '200', '', '0');
INSERT INTO `xxl_job_log` VALUES ('190', '1', '4', 'http://192.168.236.1:9999/', 'sendJobHandler', '333', null, '0', '2021-09-13 17:44:00', '200', '任务触发类型：Cron触发<br>调度机器：192.168.236.1<br>执行器-注册方式：自动注册<br>执行器-地址列表：[http://192.168.236.1:9999/]<br>路由策略：第一个<br>阻塞处理策略：单机串行<br>任务超时时间：0<br>失败重试次数：0<br><br><span style=\"color:#00c0ef;\" > >>>>>>>>>>>触发调度<<<<<<<<<<< </span><br>触发调度：<br>address：http://192.168.236.1:9999/<br>code：200<br>msg：null', '2021-09-13 17:44:00', '200', '', '0');
INSERT INTO `xxl_job_log` VALUES ('191', '1', '4', 'http://192.168.236.1:9999/', 'sendJobHandler', '333', null, '0', '2021-09-13 17:45:00', '200', '任务触发类型：Cron触发<br>调度机器：192.168.236.1<br>执行器-注册方式：自动注册<br>执行器-地址列表：[http://192.168.236.1:9999/]<br>路由策略：第一个<br>阻塞处理策略：单机串行<br>任务超时时间：0<br>失败重试次数：0<br><br><span style=\"color:#00c0ef;\" > >>>>>>>>>>>触发调度<<<<<<<<<<< </span><br>触发调度：<br>address：http://192.168.236.1:9999/<br>code：200<br>msg：null', '2021-09-13 17:45:00', '200', '', '0');
INSERT INTO `xxl_job_log` VALUES ('192', '1', '4', 'http://192.168.236.1:9999/', 'sendJobHandler', '333', null, '0', '2021-09-13 17:46:00', '200', '任务触发类型：Cron触发<br>调度机器：192.168.236.1<br>执行器-注册方式：自动注册<br>执行器-地址列表：[http://192.168.236.1:9999/]<br>路由策略：第一个<br>阻塞处理策略：单机串行<br>任务超时时间：0<br>失败重试次数：0<br><br><span style=\"color:#00c0ef;\" > >>>>>>>>>>>触发调度<<<<<<<<<<< </span><br>触发调度：<br>address：http://192.168.236.1:9999/<br>code：200<br>msg：null', '2021-09-13 17:46:00', '200', '', '0');
INSERT INTO `xxl_job_log` VALUES ('193', '1', '4', 'http://192.168.236.1:9999/', 'sendJobHandler', '333', null, '0', '2021-09-13 17:47:00', '200', '任务触发类型：Cron触发<br>调度机器：192.168.236.1<br>执行器-注册方式：自动注册<br>执行器-地址列表：[http://192.168.236.1:9999/]<br>路由策略：第一个<br>阻塞处理策略：单机串行<br>任务超时时间：0<br>失败重试次数：0<br><br><span style=\"color:#00c0ef;\" > >>>>>>>>>>>触发调度<<<<<<<<<<< </span><br>触发调度：<br>address：http://192.168.236.1:9999/<br>code：200<br>msg：null', '2021-09-13 17:47:00', '200', '', '0');
INSERT INTO `xxl_job_log` VALUES ('194', '1', '4', 'http://192.168.236.1:9999/', 'sendJobHandler', '333', null, '0', '2021-09-13 17:48:00', '200', '任务触发类型：Cron触发<br>调度机器：192.168.236.1<br>执行器-注册方式：自动注册<br>执行器-地址列表：[http://192.168.236.1:9999/]<br>路由策略：第一个<br>阻塞处理策略：单机串行<br>任务超时时间：0<br>失败重试次数：0<br><br><span style=\"color:#00c0ef;\" > >>>>>>>>>>>触发调度<<<<<<<<<<< </span><br>触发调度：<br>address：http://192.168.236.1:9999/<br>code：200<br>msg：null', '2021-09-13 17:48:00', '200', '', '0');
INSERT INTO `xxl_job_log` VALUES ('195', '1', '4', 'http://192.168.236.1:9999/', 'sendJobHandler', '333', null, '0', '2021-09-13 17:49:00', '500', '任务触发类型：Cron触发<br>调度机器：192.168.236.1<br>执行器-注册方式：自动注册<br>执行器-地址列表：[http://192.168.236.1:9999/]<br>路由策略：第一个<br>阻塞处理策略：单机串行<br>任务超时时间：0<br>失败重试次数：0<br><br><span style=\"color:#00c0ef;\" > >>>>>>>>>>>触发调度<<<<<<<<<<< </span><br>触发调度：<br>address：http://192.168.236.1:9999/<br>code：500<br>msg：xxl-job remoting error(Connection refused: connect), for url : http://192.168.236.1:9999/run', null, '0', null, '2');
INSERT INTO `xxl_job_log` VALUES ('196', '1', '4', 'http://192.168.236.1:9999/', 'sendJobHandler', '333', null, '0', '2021-09-13 17:50:00', '200', '任务触发类型：Cron触发<br>调度机器：192.168.236.1<br>执行器-注册方式：自动注册<br>执行器-地址列表：[http://192.168.236.1:9999/]<br>路由策略：第一个<br>阻塞处理策略：单机串行<br>任务超时时间：0<br>失败重试次数：0<br><br><span style=\"color:#00c0ef;\" > >>>>>>>>>>>触发调度<<<<<<<<<<< </span><br>触发调度：<br>address：http://192.168.236.1:9999/<br>code：200<br>msg：null', '2021-09-13 17:50:00', '200', '', '0');
INSERT INTO `xxl_job_log` VALUES ('197', '1', '4', 'http://192.168.236.1:9999/', 'sendJobHandler', '333', null, '0', '2021-09-13 17:51:00', '200', '任务触发类型：Cron触发<br>调度机器：192.168.236.1<br>执行器-注册方式：自动注册<br>执行器-地址列表：[http://192.168.236.1:9999/]<br>路由策略：第一个<br>阻塞处理策略：单机串行<br>任务超时时间：0<br>失败重试次数：0<br><br><span style=\"color:#00c0ef;\" > >>>>>>>>>>>触发调度<<<<<<<<<<< </span><br>触发调度：<br>address：http://192.168.236.1:9999/<br>code：200<br>msg：null', '2021-09-13 17:51:00', '200', '', '0');
INSERT INTO `xxl_job_log` VALUES ('198', '1', '4', 'http://192.168.236.1:9999/', 'sendJobHandler', '333', null, '0', '2021-09-13 17:52:00', '200', '任务触发类型：Cron触发<br>调度机器：192.168.236.1<br>执行器-注册方式：自动注册<br>执行器-地址列表：[http://192.168.236.1:9999/]<br>路由策略：第一个<br>阻塞处理策略：单机串行<br>任务超时时间：0<br>失败重试次数：0<br><br><span style=\"color:#00c0ef;\" > >>>>>>>>>>>触发调度<<<<<<<<<<< </span><br>触发调度：<br>address：http://192.168.236.1:9999/<br>code：200<br>msg：null', '2021-09-13 17:52:00', '200', '', '0');
INSERT INTO `xxl_job_log` VALUES ('199', '1', '4', 'http://192.168.236.1:9999/', 'sendJobHandler', '333', null, '0', '2021-09-13 17:53:00', '200', '任务触发类型：Cron触发<br>调度机器：192.168.236.1<br>执行器-注册方式：自动注册<br>执行器-地址列表：[http://192.168.236.1:9999/]<br>路由策略：第一个<br>阻塞处理策略：单机串行<br>任务超时时间：0<br>失败重试次数：0<br><br><span style=\"color:#00c0ef;\" > >>>>>>>>>>>触发调度<<<<<<<<<<< </span><br>触发调度：<br>address：http://192.168.236.1:9999/<br>code：200<br>msg：null', '2021-09-13 17:53:00', '200', '', '0');
INSERT INTO `xxl_job_log` VALUES ('200', '1', '4', 'http://192.168.236.1:9999/', 'sendJobHandler', '333', null, '0', '2021-09-13 17:54:00', '200', '任务触发类型：Cron触发<br>调度机器：192.168.236.1<br>执行器-注册方式：自动注册<br>执行器-地址列表：[http://192.168.236.1:9999/]<br>路由策略：第一个<br>阻塞处理策略：单机串行<br>任务超时时间：0<br>失败重试次数：0<br><br><span style=\"color:#00c0ef;\" > >>>>>>>>>>>触发调度<<<<<<<<<<< </span><br>触发调度：<br>address：http://192.168.236.1:9999/<br>code：200<br>msg：null', '2021-09-13 17:54:00', '200', '', '0');
INSERT INTO `xxl_job_log` VALUES ('201', '1', '4', 'http://192.168.236.1:9999/', 'sendJobHandler', '333', null, '0', '2021-09-13 17:55:00', '200', '任务触发类型：Cron触发<br>调度机器：192.168.236.1<br>执行器-注册方式：自动注册<br>执行器-地址列表：[http://192.168.236.1:9999/]<br>路由策略：第一个<br>阻塞处理策略：单机串行<br>任务超时时间：0<br>失败重试次数：0<br><br><span style=\"color:#00c0ef;\" > >>>>>>>>>>>触发调度<<<<<<<<<<< </span><br>触发调度：<br>address：http://192.168.236.1:9999/<br>code：200<br>msg：null', '2021-09-13 17:55:00', '200', '', '0');
INSERT INTO `xxl_job_log` VALUES ('202', '1', '4', 'http://192.168.236.1:9999/', 'sendJobHandler', '333', null, '0', '2021-09-13 17:56:00', '200', '任务触发类型：Cron触发<br>调度机器：192.168.236.1<br>执行器-注册方式：自动注册<br>执行器-地址列表：[http://192.168.236.1:9999/]<br>路由策略：第一个<br>阻塞处理策略：单机串行<br>任务超时时间：0<br>失败重试次数：0<br><br><span style=\"color:#00c0ef;\" > >>>>>>>>>>>触发调度<<<<<<<<<<< </span><br>触发调度：<br>address：http://192.168.236.1:9999/<br>code：200<br>msg：null', '2021-09-13 17:56:00', '200', '', '0');
INSERT INTO `xxl_job_log` VALUES ('203', '1', '4', 'http://192.168.236.1:9999/', 'sendJobHandler', '333', null, '0', '2021-09-13 17:57:00', '200', '任务触发类型：Cron触发<br>调度机器：192.168.236.1<br>执行器-注册方式：自动注册<br>执行器-地址列表：[http://192.168.236.1:9999/]<br>路由策略：第一个<br>阻塞处理策略：单机串行<br>任务超时时间：0<br>失败重试次数：0<br><br><span style=\"color:#00c0ef;\" > >>>>>>>>>>>触发调度<<<<<<<<<<< </span><br>触发调度：<br>address：http://192.168.236.1:9999/<br>code：200<br>msg：null', '2021-09-13 17:57:00', '200', '', '0');
INSERT INTO `xxl_job_log` VALUES ('204', '1', '4', 'http://192.168.236.1:9999/', 'sendJobHandler', '333', null, '0', '2021-09-13 17:58:00', '200', '任务触发类型：Cron触发<br>调度机器：192.168.236.1<br>执行器-注册方式：自动注册<br>执行器-地址列表：[http://192.168.236.1:9999/]<br>路由策略：第一个<br>阻塞处理策略：单机串行<br>任务超时时间：0<br>失败重试次数：0<br><br><span style=\"color:#00c0ef;\" > >>>>>>>>>>>触发调度<<<<<<<<<<< </span><br>触发调度：<br>address：http://192.168.236.1:9999/<br>code：200<br>msg：null', '2021-09-13 17:58:00', '200', '', '0');
INSERT INTO `xxl_job_log` VALUES ('205', '1', '4', 'http://192.168.236.1:9999/', 'sendJobHandler', '333', null, '0', '2021-09-13 17:59:00', '200', '任务触发类型：Cron触发<br>调度机器：192.168.236.1<br>执行器-注册方式：自动注册<br>执行器-地址列表：[http://192.168.236.1:9999/]<br>路由策略：第一个<br>阻塞处理策略：单机串行<br>任务超时时间：0<br>失败重试次数：0<br><br><span style=\"color:#00c0ef;\" > >>>>>>>>>>>触发调度<<<<<<<<<<< </span><br>触发调度：<br>address：http://192.168.236.1:9999/<br>code：200<br>msg：null', '2021-09-13 17:59:00', '200', '', '0');
INSERT INTO `xxl_job_log` VALUES ('206', '1', '5', 'http://192.168.236.1:9999/', 'sendJobHandler', '444', null, '0', '2021-09-13 19:08:08', '200', '任务触发类型：手动触发<br>调度机器：192.168.236.1<br>执行器-注册方式：自动注册<br>执行器-地址列表：[http://192.168.236.1:9999/]<br>路由策略：第一个<br>阻塞处理策略：单机串行<br>任务超时时间：0<br>失败重试次数：0<br><br><span style=\"color:#00c0ef;\" > >>>>>>>>>>>触发调度<<<<<<<<<<< </span><br>触发调度：<br>address：http://192.168.236.1:9999/<br>code：200<br>msg：null', '2021-09-13 19:08:09', '200', '', '0');

-- ----------------------------
-- Table structure for xxl_job_logglue
-- ----------------------------
DROP TABLE IF EXISTS `xxl_job_logglue`;
CREATE TABLE `xxl_job_logglue` (
  `id` int(11) NOT NULL AUTO_INCREMENT,
  `job_id` int(11) NOT NULL COMMENT '任务，主键ID',
  `glue_type` varchar(50) DEFAULT NULL COMMENT 'GLUE类型',
  `glue_source` mediumtext DEFAULT NULL COMMENT 'GLUE源代码',
  `glue_remark` varchar(128) NOT NULL COMMENT 'GLUE备注',
  `add_time` datetime DEFAULT NULL,
  `update_time` datetime DEFAULT NULL,
  PRIMARY KEY (`id`)
) ENGINE=InnoDB DEFAULT CHARSET=utf8mb4;

-- ----------------------------
-- Records of xxl_job_logglue
-- ----------------------------

-- ----------------------------
-- Table structure for xxl_job_log_report
-- ----------------------------
DROP TABLE IF EXISTS `xxl_job_log_report`;
CREATE TABLE `xxl_job_log_report` (
  `id` int(11) NOT NULL AUTO_INCREMENT,
  `trigger_day` datetime DEFAULT NULL COMMENT '调度-时间',
  `running_count` int(11) NOT NULL DEFAULT 0 COMMENT '运行中-日志数量',
  `suc_count` int(11) NOT NULL DEFAULT 0 COMMENT '执行成功-日志数量',
  `fail_count` int(11) NOT NULL DEFAULT 0 COMMENT '执行失败-日志数量',
  `update_time` datetime DEFAULT NULL,
  PRIMARY KEY (`id`),
  UNIQUE KEY `i_trigger_day` (`trigger_day`) USING BTREE
) ENGINE=InnoDB AUTO_INCREMENT=9 DEFAULT CHARSET=utf8mb4;

-- ----------------------------
-- Records of xxl_job_log_report
-- ----------------------------
INSERT INTO `xxl_job_log_report` VALUES ('1', '2021-09-09 00:00:00', '0', '4', '21', null);
INSERT INTO `xxl_job_log_report` VALUES ('2', '2021-09-08 00:00:00', '0', '0', '0', null);
INSERT INTO `xxl_job_log_report` VALUES ('3', '2021-09-07 00:00:00', '0', '0', '0', null);
INSERT INTO `xxl_job_log_report` VALUES ('4', '2021-09-10 00:00:00', '0', '61', '10', null);
INSERT INTO `xxl_job_log_report` VALUES ('5', '2021-09-11 00:00:00', '0', '0', '0', null);
INSERT INTO `xxl_job_log_report` VALUES ('6', '2021-09-12 00:00:00', '0', '0', '0', null);
INSERT INTO `xxl_job_log_report` VALUES ('7', '2021-09-13 00:00:00', '0', '99', '11', null);
INSERT INTO `xxl_job_log_report` VALUES ('8', '2021-09-14 00:00:00', '0', '0', '0', null);

-- ----------------------------
-- Table structure for xxl_job_registry
-- ----------------------------
DROP TABLE IF EXISTS `xxl_job_registry`;
CREATE TABLE `xxl_job_registry` (
  `id` int(11) NOT NULL AUTO_INCREMENT,
  `registry_group` varchar(50) NOT NULL,
  `registry_key` varchar(255) NOT NULL,
  `registry_value` varchar(255) NOT NULL,
  `update_time` datetime DEFAULT NULL,
  PRIMARY KEY (`id`),
  KEY `i_g_k_v` (`registry_group`,`registry_key`,`registry_value`)
) ENGINE=InnoDB AUTO_INCREMENT=12 DEFAULT CHARSET=utf8mb4;

-- ----------------------------
-- Records of xxl_job_registry
-- ----------------------------

-- ----------------------------
-- Table structure for xxl_job_user
-- ----------------------------
DROP TABLE IF EXISTS `xxl_job_user`;
CREATE TABLE `xxl_job_user` (
  `id` int(11) NOT NULL AUTO_INCREMENT,
  `username` varchar(50) NOT NULL COMMENT '账号',
  `password` varchar(50) NOT NULL COMMENT '密码',
  `role` tinyint(4) NOT NULL COMMENT '角色：0-普通用户、1-管理员',
  `permission` varchar(255) DEFAULT NULL COMMENT '权限：执行器ID列表，多个逗号分割',
  PRIMARY KEY (`id`),
  UNIQUE KEY `i_username` (`username`) USING BTREE
) ENGINE=InnoDB AUTO_INCREMENT=2 DEFAULT CHARSET=utf8mb4;

-- ----------------------------
-- Records of xxl_job_user
-- ----------------------------
INSERT INTO `xxl_job_user` VALUES ('1', 'admin', 'e10adc3949ba59abbe56e057f20f883e', '1', null);
